"","move","N","group","LAD","pred_m1r","pred_m1r_stderr"
"1",2,3,"Under 18","1",0.196586736391843,0.100167715517049
"2",2,4,"Under 18","2",0.239109584605933,0.0884630115278184
"3",1,3,"Under 18","3",0.305109642065176,0.09050261667525
"4",0,7,"Under 18","4",0.225058824848427,0.0887732237973515
"5",1,5,"Under 18","5",0.195890653044432,0.0960964591457985
"6",0,1,"Under 18","6",0.325322316535286,0.0918802453610933
"7",3,11,"Under 18","7",0.268187320023371,0.111289743071742
"8",1,6,"Under 18","8",0.250890522440701,0.106555208263373
"9",1,5,"Under 18","9",0.153335577992802,0.0997339129802152
"10",1,8,"Under 18","10",0.0757259453603942,0.100522284441212
"11",1,16,"Under 18","11",0.231927598895959,0.112301352261702
"12",0,6,"Under 18","12",0.141884210173515,0.107739257393639
"13",1,2,"Under 18","13",0.263620604924283,0.0983254027989533
"14",1,18,"Under 18","14",0.0988320647968079,0.110132062516887
"15",2,13,"Under 18","15",0.128869990304732,0.0884405309465295
"16",2,5,"Under 18","16",0.173923768764844,0.0966556058527017
"17",2,3,"Under 18","17",0.246286007190558,0.101356615083545
"18",1,16,"Under 18","18",0.182542937032959,0.115713515783444
"19",0,9,"Under 18","19",0.145131861329397,0.122692014814548
"20",3,9,"Under 18","20",0.210504532850214,0.109607209439569
"21",3,13,"Under 18","21",0.214809179124058,0.0997838174949415
"22",1,12,"Under 18","22",0.134418871538432,0.10139336156419
"23",3,23,"Under 18","23",0.127303644666595,0.0998592322221012
"24",2,10,"Under 18","24",0.202642450861769,0.10343827714167
"25",4,16,"Under 18","25",0.245488764707562,0.0995297829524691
"26",0,13,"Under 18","26",0.0984155827349591,0.104851482159937
"27",1,7,"Under 18","27",0.12017841487041,0.105883782873148
"28",1,10,"Under 18","28",0.206073957806517,0.0929161546997001
"29",3,7,"Under 18","29",0.237081416298476,0.113614486455032
"30",0,6,"Under 18","30",0.153722474926154,0.101812405359984
"31",1,8,"Under 18","31",0.195859656655292,0.0846698379136779
"32",0,3,"Under 18","32",0.271041233803161,0.0879493334039346
"33",0,7,"Under 18","33",0.204381588534681,0.0963422899642902
"34",1,6,"Under 18","34",0.237489899543152,0.0979669549424769
"35",0,8,"Under 18","35",0.183194933530841,0.095055398200443
"36",2,6,"Under 18","36",0.308053367982827,0.104256904496532
"37",1,15,"Under 18","37",0.229898769559654,0.110228196374078
"38",5,10,"Under 18","38",0.272019797905588,0.0970914311875238
"39",2,4,"Under 18","39",0.408056272762647,0.0876689882907515
"40",4,9,"Under 18","40",0.318030287134633,0.106965276123848
"41",3,16,"Under 18","41",0.2932205390319,0.0979274007901809
"42",1,15,"Under 18","42",0.158803662661303,0.10798998035422
"43",3,18,"Under 18","43",0.138365326454866,0.115786229388186
"44",0,6,"Under 18","44",0.165622202507008,0.111893880412067
"45",5,13,"Under 18","45",0.171234972319949,0.116511441908881
"46",1,11,"Under 18","46",0.0821860215384126,0.102414807786107
"47",2,17,"Under 18","47",0.193171940916916,0.112026759583637
"48",3,8,"Under 18","48",0.178184953811184,0.0963624388545914
"49",2,12,"Under 18","49",0.217156127025931,0.0992099824017087
"50",3,17,"Under 18","50",0.140413544268752,0.108769922432382
"51",0,32,"Under 18","51",0.0569600309784731,0.100657561451057
"52",0,0,"Under 18","52",0.198941649231214,0.0446057481177405
"53",9,23,"Under 18","53",0.17339247448275,0.102890456562478
"54",0,8,"Under 18","54",0.18713720891452,0.105119845093649
"55",5,18,"Under 18","55",0.315324386560757,0.0954965133844614
"56",1,13,"Under 18","56",0.19679389475965,0.114453429465731
"57",1,9,"Under 18","57",0.278948203763163,0.0907650038468321
"58",2,6,"Under 18","58",0.351190406651787,0.0974454534685204
"59",2,2,"Under 18","59",0.500104286943071,0.0984098162104524
"60",2,10,"Under 18","60",0.215657097563129,0.112748159530952
"61",4,26,"Under 18","61",0.127074245177007,0.113589009040585
"62",2,4,"Under 18","62",0.337187150819227,0.0950843230403188
"63",1,4,"Under 18","63",0.291645598392255,0.104370716790003
"64",2,17,"Under 18","64",0.255478471359449,0.109365730168479
"65",8,12,"Under 18","65",0.331542900901957,0.10864254556768
"66",1,2,"Under 18","66",0.147806374685237,0.0887897484079598
"67",0,7,"Under 18","67",0.164001463448242,0.086495160276318
"68",1,7,"Under 18","68",0.209371866936679,0.110633772570492
"69",0,0,"Under 18","69",0.189328097179791,0.0682420235850923
"70",0,3,"Under 18","70",0.185359711275697,0.08533120591915
"71",0,6,"Under 18","71",0.166048301369337,0.103155011030561
"72",2,10,"Under 18","72",0.279354588579909,0.0956821864024424
"73",0,1,"Under 18","73",0.332077016884435,0.0925822427592468
"74",0,5,"Under 18","74",0.193109962898228,0.103369357012339
"75",1,2,"Under 18","75",0.342131679543274,0.0893715920936842
"76",4,6,"Under 18","76",0.350086482932695,0.103213868412226
"77",6,13,"Under 18","77",0.260126707854018,0.100808092751034
"78",1,5,"Under 18","78",0.344569250779688,0.101155298636965
"79",3,5,"Under 18","79",0.3599814529446,0.100835397283402
"80",2,6,"Under 18","80",0.225084723871133,0.113473790903162
"81",2,17,"Under 18","81",0.112922613828192,0.105022923486075
"82",3,4,"Under 18","82",0.325921681068876,0.0803093246123315
"83",0,2,"Under 18","83",0.106124531578247,0.0946700858708088
"84",1,2,"Under 18","84",0.27601401297544,0.1058240647313
"85",2,7,"Under 18","85",0.331441331233978,0.12089047830328
"86",0,1,"Under 18","86",0.223182755159509,0.0975972146256274
"87",0,2,"Under 18","87",0.142454974477981,0.0942921261674739
"88",2,4,"Under 18","88",0.474397431732208,0.0939856100207495
"89",2,3,"Under 18","89",0.288152846747491,0.0911528511752647
"90",0,6,"Under 18","90",0.313550773040214,0.0893821874192257
"91",1,3,"Under 18","91",0.31896256482652,0.0938900169628812
"92",2,13,"Under 18","92",0.197962180158371,0.0759296898335593
"93",0,1,"Under 18","93",0.22536318950081,0.105662154778205
"94",1,3,"Under 18","94",0.260685807587647,0.0874305816656955
"95",1,3,"Under 18","95",0.148553183581441,0.0992062190281997
"96",5,10,"Under 18","96",0.249685047669263,0.0975541868215171
"97",6,12,"Under 18","97",0.373072831497414,0.0961356981721154
"98",1,10,"Under 18","98",0.277587556028364,0.106114828390437
"99",2,5,"Under 18","99",0.239756236354025,0.0980654516058669
"100",6,13,"Under 18","100",0.335742542450554,0.103408587687374
"101",4,5,"Under 18","101",0.467184482623121,0.103122871698286
"102",1,3,"Under 18","102",0.349762431517468,0.0981107847861664
"103",2,8,"Under 18","103",0.24203111958175,0.11655537629691
"104",3,11,"Under 18","104",0.174568430397827,0.100725988367076
"105",0,1,"Under 18","105",0.267194228180732,0.0983346539287204
"106",1,3,"Under 18","106",0.291406587808319,0.0926816431409876
"107",1,1,"Under 18","107",0.337366571398396,0.091787954138272
"108",3,5,"Under 18","108",0.383120371023065,0.0943114622400902
"109",1,9,"Under 18","109",0.227344165283306,0.101017332498552
"110",7,10,"Under 18","110",0.373903059465105,0.0955958157461257
"111",2,12,"Under 18","111",0.157731305951821,0.10087400495759
"112",2,8,"Under 18","112",0.346213055441151,0.0960135513730176
"113",3,6,"Under 18","113",0.383001858906152,0.0865787344759671
"114",1,6,"Under 18","114",0.302327179016818,0.0884086677087332
"115",3,6,"Under 18","115",0.242226615145401,0.109231937019854
"116",1,3,"Under 18","116",0.340073593566947,0.0971453226065262
"117",4,9,"Under 18","117",0.221131431988108,0.0985755675596167
"118",11,24,"Under 18","118",0.371888935733603,0.102659036499455
"119",6,10,"Under 18","119",0.356523042745436,0.103028363546908
"120",1,3,"Under 18","120",0.361169821048833,0.102912375853658
"121",0,5,"Under 18","121",0.334329843931233,0.0905131732198602
"122",1,6,"Under 18","122",0.39590847985041,0.116258929328623
"123",1,2,"Under 18","123",0.250120271270998,0.105741115267022
"124",3,12,"Under 18","124",0.246929986012816,0.100229495257014
"125",2,8,"Under 18","125",0.312801492137239,0.107530056212536
"126",6,10,"Under 18","126",0.317815478949824,0.108998578637608
"127",3,13,"Under 18","127",0.270867641054372,0.101855609192966
"128",0,2,"Under 18","128",0.374988812400439,0.0943943330678939
"129",3,12,"Under 18","129",0.28806591269356,0.118795248434217
"130",1,4,"Under 18","130",0.430073003365814,0.0931781398394675
"131",0,9,"Under 18","131",0.295086550363286,0.107281934627083
"132",3,9,"Under 18","132",0.412164014954061,0.10065443138875
"133",2,2,"Under 18","133",0.36105831820262,0.114393861959987
"134",5,9,"Under 18","134",0.299760756162187,0.102602017690713
"135",0,19,"Under 18","135",0.147930687826298,0.112017731436447
"136",0,2,"Under 18","136",0.316324668983152,0.0994737795554965
"137",0,5,"Under 18","137",0.191075147681683,0.0926892449606952
"138",0,5,"Under 18","138",0.287524413985131,0.109567509174029
"139",1,9,"Under 18","139",0.292356741118228,0.112704780390383
"140",1,2,"Under 18","140",0.312358235806987,0.0956145582946143
"141",1,3,"Under 18","141",0.183668822679737,0.110842237048646
"142",1,13,"Under 18","142",0.202635526664976,0.0933782320309391
"143",2,9,"Under 18","143",0.226545914268597,0.10195329378899
"144",2,5,"Under 18","144",0.297996593687112,0.109788948800449
"145",1,4,"Under 18","145",0.239002915694565,0.106360784634485
"146",0,4,"Under 18","146",0.23500084443491,0.0945690748171851
"147",1,4,"Under 18","147",0.318489078874241,0.0920075171661119
"148",0,4,"Under 18","148",0.290554396135399,0.0960598932059385
"149",0,2,"Under 18","149",0.219299609528735,0.0883785371529517
"150",1,11,"Under 18","150",0.0992379221986726,0.1138699793178
"151",0,2,"Under 18","151",0.268016016679075,0.0847600089678485
"152",1,1,"Under 18","152",0.202994038392393,0.0970094573392772
"153",2,3,"Under 18","153",0.266371740087156,0.0771475210132772
"154",0,2,"Under 18","154",0.218351852619851,0.0933397531451708
"155",2,5,"Under 18","155",0.443047955339938,0.101046099789059
"156",2,6,"Under 18","156",0.281229374825638,0.101682267405657
"157",1,2,"Under 18","157",0.267073320287471,0.0909853774601358
"158",2,5,"Under 18","158",0.54883982877949,0.0898887865853622
"159",1,10,"Under 18","159",0.213718448706666,0.0980132270094741
"160",1,4,"Under 18","160",0.365074652008444,0.0878950944975702
"161",1,3,"Under 18","161",0.385809778743021,0.0909522115144084
"162",3,5,"Under 18","162",0.31823992229063,0.0943923312861818
"163",0,7,"Under 18","163",0.296781153468681,0.0998205367637413
"164",1,1,"Under 18","164",0.377070947186396,0.0849972855018504
"165",1,5,"Under 18","165",0.188892503573893,0.0825032490849355
"166",3,9,"Under 18","166",0.19534962463077,0.0963492766618769
"167",1,9,"Under 18","167",0.14129009275578,0.0880972513872967
"168",2,7,"Under 18","168",0.278988325396176,0.103356611954459
"169",1,2,"Under 18","169",0.18443310320251,0.0942329571105918
"170",4,10,"Under 18","170",0.263716155330745,0.0975309019918347
"171",4,4,"Under 18","171",0.36935518231048,0.109962002796815
"172",0,3,"Under 18","172",0.250852376446588,0.0884487298161989
"173",5,12,"Under 18","173",0.360661332443102,0.0999350048642624
"174",1,2,"Under 18","174",0.235201783661304,0.0876526781777148
"175",0,2,"Under 18","175",0.143131322003401,0.110633229611425
"176",1,3,"Under 18","176",0.208210276772112,0.0892939728727066
"177",1,12,"Under 18","177",0.140357959443229,0.098216860176692
"178",3,8,"Under 18","178",0.342049760321997,0.108250475733025
"179",1,3,"Under 18","179",0.272213650813098,0.0903455656342921
"180",1,6,"Under 18","180",0.378636085755369,0.091925228283283
"181",3,4,"Under 18","181",0.326200832020853,0.0935483922704436
"182",2,4,"Under 18","182",0.336828539929212,0.10163115766234
"183",1,7,"Under 18","183",0.153364244727959,0.104488121516956
"184",4,11,"Under 18","184",0.416797763133449,0.0985044825321024
"185",2,6,"Under 18","185",0.352462913765447,0.110309772316681
"186",3,7,"Under 18","186",0.22841399000923,0.097869135322602
"187",4,10,"Under 18","187",0.304183939279997,0.103406630961066
"188",2,17,"Under 18","188",0.175665468114442,0.103533131297756
"189",0,2,"Under 18","189",0.296919653608457,0.0836890921399609
"190",1,2,"Under 18","190",0.28008080628872,0.0929838327765995
"191",0,4,"Under 18","191",0.124500778977394,0.100401902321274
"192",2,8,"Under 18","192",0.402023920232783,0.0980818403685085
"193",0,0,"Under 18","193",0.289380803312442,0.102369532039335
"194",3,7,"Under 18","194",0.283089432995512,0.0952542670256628
"195",2,9,"Under 18","195",0.376809883218374,0.0975818435069289
"196",2,8,"Under 18","196",0.376569436689548,0.112052694563822
"197",2,2,"Under 18","197",0.229012425454399,0.0952028967036555
"198",0,2,"Under 18","198",0.278349945112347,0.115690507358721
"199",5,13,"Under 18","199",0.335041002041035,0.104811263293753
"200",4,12,"Under 18","200",0.262895296720555,0.109526416896128
"201",3,14,"Under 18","201",0.131079739262569,0.0972210758445641
"202",9,22,"Under 18","202",0.363367665889406,0.104898098753954
"203",4,16,"Under 18","203",0.294741250253297,0.110482895339007
"204",2,4,"Under 18","204",0.281146386723233,0.108620632633252
"205",0,7,"Under 18","205",0.248942775843438,0.109487383714252
"206",1,5,"Under 18","206",0.191472232566913,0.0970576344398772
"207",1,4,"Under 18","207",0.17079431421119,0.11197943499852
"208",0,5,"Under 18","208",0.176681483938053,0.0945337153367217
"209",0,1,"Under 18","209",0.184005599371212,0.0924922310155782
"210",0,4,"Under 18","210",0.325379900382648,0.104978101066326
"211",1,6,"Under 18","211",0.197808967773622,0.116500877824346
"212",2,8,"Under 18","212",0.266742420480796,0.0951138335361854
"213",1,3,"Under 18","213",0.308555818324752,0.0876096269232138
"214",1,1,"Under 18","214",0.460789479246003,0.107477749533265
"215",1,6,"Under 18","215",0.226024808779275,0.109385296800642
"216",1,6,"Under 18","216",0.359480991796666,0.100525029242665
"217",1,1,"Under 18","217",0.315767947279661,0.0922524317873024
"218",3,6,"Under 18","218",0.281418062369148,0.114398874539696
"219",0,0,"Under 18","219",0.346359820187225,0.097681339271691
"220",1,4,"Under 18","220",0.199265386667392,0.11535259184063
"221",0,3,"Under 18","221",0.26185997998981,0.0924905971568531
"222",0,2,"Under 18","222",0.255536345547684,0.107816323431089
"223",1,13,"Under 18","223",0.200124144647017,0.101875739740262
"224",2,8,"Under 18","224",0.180408738560733,0.0900388767820587
"225",7,16,"Under 18","225",0.358672900370599,0.0989351536223517
"226",1,4,"Under 18","226",0.291165663965715,0.106548981897189
"227",2,16,"Under 18","227",0.260299514505255,0.111105629211935
"228",0,1,"Under 18","228",0.272938825097828,0.115810712175325
"229",2,2,"Under 18","229",0.291545844516488,0.0989271158754506
"230",1,3,"Under 18","230",0.255925999648613,0.106495508800273
"231",0,1,"Under 18","231",0.34725762688721,0.086573686928661
"232",3,4,"Under 18","232",0.383600338106183,0.109180420096908
"233",1,4,"Under 18","233",0.373602847267281,0.104564743125503
"234",31,80,"Under 18","234",0.290149362790743,0.112936110706923
"235",4,6,"Under 18","235",0.426039819094178,0.0965665214512198
"236",1,2,"Under 18","236",0.472946042079145,0.0894636497860813
"237",0,5,"Under 18","237",0.181815073797906,0.106283501041091
"238",1,5,"Under 18","238",0.267187387652025,0.102935922535041
"239",6,9,"Under 18","239",0.392356903414972,0.119416533308176
"240",4,14,"Under 18","240",0.28227298307754,0.110460232131461
"241",0,2,"Under 18","241",0.279919812601493,0.0992365162109003
"242",3,10,"Under 18","242",0.320265013073523,0.107027425454094
"243",30,53,"Under 18","243",0.418454503285782,0.0854961307567035
"244",0,4,"Under 18","244",0.185159307614546,0.120707258268828
"245",2,13,"Under 18","245",0.286572872978536,0.106204224722068
"246",3,9,"Under 18","246",0.286607313810008,0.0899224016299032
"247",1,6,"Under 18","247",0.208835166120328,0.0979010171852867
"248",2,3,"Under 18","248",0.364594468570399,0.0971789642516883
"249",2,3,"Under 18","249",0.263646506089264,0.0875588572775567
"250",0,1,"Under 18","250",0.26346741680934,0.0873006165528324
"251",1,3,"Under 18","251",0.278974619565497,0.0848317409649158
"252",0,4,"Under 18","252",0.249447932768749,0.0983126564595705
"253",1,3,"Under 18","253",0.279535711029345,0.110402751817729
"254",4,11,"Under 18","254",0.284300324531209,0.10370777436483
"255",0,2,"Under 18","255",0.292260978410887,0.101374377312602
"256",2,16,"Under 18","256",0.332209966275247,0.106993870433389
"257",0,5,"Under 18","257",0.204599246935466,0.106309910948812
"258",0,12,"Under 18","258",0.225767465126628,0.106021230905495
"259",2,6,"Under 18","259",0.320905567446692,0.108782939162353
"260",7,17,"Under 18","260",0.183690152552199,0.108171971431247
"261",2,8,"Under 18","261",0.241580061548713,0.101404365382111
"262",3,6,"Under 18","262",0.21839162519473,0.0985302527937913
"263",0,3,"Under 18","263",0.344866491097193,0.102682656754542
"264",3,11,"Under 18","264",0.255707146870934,0.105844575022945
"265",0,5,"Under 18","265",0.237002876985217,0.103478853614375
"266",1,11,"Under 18","266",0.306521597049007,0.111037991818587
"267",3,14,"Under 18","267",0.258852042745984,0.0965679319409378
"268",4,8,"Under 18","268",0.405549418325831,0.117982279725845
"269",0,10,"Under 18","269",0.117862567433778,0.109716979854715
"270",3,6,"Under 18","270",0.32389158853833,0.0942458430348521
"271",4,15,"Under 18","271",0.179414373795215,0.101616598791389
"272",1,19,"Under 18","272",0.170955279133086,0.107949101351629
"273",1,6,"Under 18","273",0.259292448230991,0.12382214557456
"274",2,7,"Under 18","274",0.187096237968995,0.0939631927249888
"275",2,9,"Under 18","275",0.21380032311676,0.116426468463353
"276",1,27,"Under 18","276",0.0978913649587238,0.113208675269158
"277",0,14,"Under 18","277",0.13731599159755,0.104994450080568
"278",3,5,"Under 18","278",0.267691718627646,0.09679338452705
"279",1,7,"Under 18","279",0.188231874775889,0.0995851841621522
"280",2,4,"Under 18","280",0.195930419938502,0.0900715872928857
"281",2,31,"Under 18","281",0.121039999141576,0.105348891769557
"282",2,8,"Under 18","282",0.207857717727232,0.0975488588950285
"283",1,9,"Under 18","283",0.248206276798279,0.101809639193117
"284",2,6,"Under 18","284",0.295180789517179,0.0944878160413228
"285",3,12,"Under 18","285",0.248018286905727,0.0987589481221356
"286",4,7,"Under 18","286",0.258460714982962,0.0898002436754986
"287",2,12,"Under 18","287",0.20838836099088,0.111080655545008
"288",3,12,"Under 18","288",0.148740257920801,0.103545745313084
"289",0,7,"Under 18","289",0.190200150341331,0.10984371897498
"290",5,12,"Under 18","290",0.168579864385495,0.10418676749969
"291",2,23,"Under 18","291",0.120198669757274,0.107029752066091
"292",0,16,"Under 18","292",0.183551941327163,0.11466582273761
"293",2,7,"Under 18","293",0.230656319490209,0.112028652469936
"294",0,0,"Under 18","294",0.687473406224115,0.107270091852483
"295",0,4,"Under 18","295",0.288752617264705,0.0976003981917951
"296",4,12,"Under 18","296",0.381958547826704,0.106231881747516
"297",1,3,"Under 18","297",0.332234029527624,0.0982408187626666
"298",2,4,"Under 18","298",0.421647181769275,0.0980693217538007
"299",2,15,"Under 18","299",0.285153547265743,0.101753554553895
"300",2,5,"Under 18","300",0.404709471571189,0.111755957343437
"301",2,6,"Under 18","301",0.35817847321236,0.099619110189295
"302",4,7,"Under 18","302",0.371717617202428,0.099107293767612
"303",4,6,"Under 18","303",0.372995892689267,0.0870539275901396
"304",2,5,"Under 18","304",0.410499757179697,0.120754086408126
"305",1,1,"Under 18","305",0.457779909657763,0.115718767153788
"306",2,4,"Under 18","306",0.449506909246186,0.101006510036545
"307",1,5,"Under 18","307",0.369802271369412,0.0936843476594551
"308",4,8,"Under 18","308",0.413956463896687,0.0903078745629377
"309",1,9,"Under 18","309",0.231909158920139,0.109164860588779
"310",3,9,"Under 18","310",0.258869748047768,0.102092779553834
"311",4,6,"Under 18","311",0.461975590496624,0.101487179793037
"312",3,4,"Under 18","312",0.450228116999429,0.0983466672554597
"313",2,2,"Under 18","313",0.503135727983694,0.111384025531714
"314",1,7,"Under 18","314",0.334017706824997,0.114459216995789
"315",2,4,"Under 18","315",0.464789314566791,0.111101372326175
"316",1,7,"Under 18","316",0.44450963813106,0.103704587054955
"317",2,4,"Under 18","317",0.43846266726672,0.0995448107301459
"318",3,5,"Under 18","318",0.458424391101517,0.108323593743149
"319",1,6,"Under 18","319",0.395053657446529,0.102437641286843
"320",5,14,"Under 18","320",0.375443129941213,0.109636680583371
"321",5,8,"Under 18","321",0.422639866624432,0.102958662218195
"322",1,6,"Under 18","322",0.280165884321465,0.105370677441112
"323",2,2,"Under 18","323",0.479041282403828,0.104532776264619
"324",1,9,"Under 18","324",0.367994871564665,0.0986994144176332
"325",5,9,"Under 18","325",0.445907988886418,0.0901228535136287
"326",1,2,"Under 18","326",0.456992168053829,0.103017479485739
"327",3,5,"Under 18","327",0.282922101610502,0.113689816119871
"328",1,8,"Under 18","328",0.152265602627982,0.101159458908089
"329",1,13,"Under 18","329",0.0885477250436373,0.11338707717362
"330",1,3,"Under 18","330",0.1287628784744,0.0898199462724332
"331",1,3,"Under 18","331",0.146094055413004,0.0850562380396146
"332",0,1,"Under 18","332",0.108491566043959,0.0679779379057946
"333",2,8,"Under 18","333",0.364750320564629,0.103427580948356
"334",1,5,"Under 18","334",0.251172876042721,0.0974947238651119
"335",1,2,"Under 18","335",0.161650566116363,0.0796885631574158
"336",1,3,"Under 18","336",0.187177807848891,0.0923167985588156
"337",2,5,"Under 18","337",0.237604850726891,0.0928789545384511
"338",0,1,"Under 18","338",0.291732718909801,0.0815928068332871
"339",0,10,"Under 18","339",0.0781323848079625,0.0873446650865033
"340",2,5,"Under 18","340",0.220752695895034,0.0872722732596063
"341",1,1,"Under 18","341",0.21959315661558,0.0986945236419406
"342",1,5,"Under 18","342",0.369184011882466,0.0979048049524891
"343",0,1,"Under 18","343",0.111868158111718,0.0772942808249311
"344",1,4,"Under 18","344",0.197699353842157,0.0877296791480777
"345",1,22,"Under 18","345",0.115858103972916,0.10904561973325
"346",0,10,"Under 18","346",0.0587078688624201,0.0918366917499814
"347",1,2,"Under 18","347",0.214971800596698,0.0903318024450786
"348",4,6,"Under 18","348",0.407992506708758,0.0973381694401868
"349",0,2,"Under 18","349",0.136748414465881,0.0907547832162497
"350",0,3,"Under 18","350",0.199012825256802,0.0964517452925314
"351",0,0,"Under 18","351",0.0991031312479178,0.0729441010346275
"352",1,7,"Under 18","352",0.179118610980564,0.0956879097441033
"353",1,8,"Under 18","353",0.232757875308071,0.0996433597380897
"354",0,0,"Under 18","354",0.152608753047005,0.0619528679424598
"355",0,7,"Under 18","355",0.120846138409464,0.0936230677710385
"356",2,15,"Under 18","356",0.282514120308247,0.112791602002845
"357",0,3,"Under 18","357",0.237586234728465,0.103955542044395
"358",0,10,"Under 18","358",0.0717089720614456,0.120851231270171
"359",1,9,"Under 18","359",0.181732233342292,0.117994741211695
"360",0,0,"Under 18","360",0.156119909564214,0.0895322012237837
"361",0,29,"Under 18","361",0.0741110633459677,0.128137893505675
"362",1,6,"Under 18","362",0.261191885704137,0.102083595335279
"363",1,3,"Under 18","363",0.236166690334042,0.101962940257187
"364",2,6,"Under 18","364",0.275579834449255,0.102572455895329
"365",1,3,"Under 18","365",0.18658872416257,0.0951963112752556
"366",0,11,"Under 18","366",0.121475643990783,0.107540300170554
"367",2,10,"Under 18","367",0.24218988141822,0.0982306493394309
"368",3,6,"Under 18","368",0.379322320143587,0.100716598943325
"369",3,25,"Under 18","369",0.123399080597198,0.104247748717755
"370",0,0,"Under 18","370",0.311171526661359,0.0919661252069291
"371",0,2,"Under 18","371",0.142970603080441,0.0983380826957782
"372",1,7,"Under 18","372",0.179096760531361,0.102038615379079
"373",0,5,"Under 18","373",0.300442761786455,0.0880130706604474
"374",0,2,"Under 18","374",0.231792223963234,0.098785425964684
"375",0,3,"Under 18","375",0.217057038057905,0.100206160892153
"376",0,6,"Under 18","376",0.0863247279979098,0.111645048269829
"377",0,1,"Under 18","377",0.092193996044667,0.108902606664439
"378",2,6,"Under 18","378",0.154667044128756,0.0983278047957386
"379",4,12,"Under 18","379",0.111028291272692,0.107903940877448
"380",1,9,"Under 18","380",0.216108655600622,0.0968117407316301
"381",2,3,"Under 18","381",0.22922803703394,0.107315639123833
"382",1,6,"Under 18","382",0.256905645933332,0.0973869995173155
"383",1,21,"Under 18","383",0.0877183830465337,0.107225623249723
"384",2,11,"Under 18","384",0.206178109928426,0.104122545001064
"385",1,5,"Under 18","385",0.257216557414925,0.100547717519328
"386",0,1,"Under 18","386",0.288789713196124,0.0828607209068022
"387",0,2,"Under 18","387",0.228616527142627,0.106505748046139
"388",1,4,"Under 18","388",0.293675334763898,0.0893082584758013
"389",1,3,"Under 18","389",0.211588786421278,0.106843339267496
"390",1,2,"Under 18","390",0.164279926639143,0.113490230179604
"391",1,5,"Under 18","391",0.28026624077049,0.0908998741467201
"392",0,1,"18-30","1",0.366201327392182,0.120568624090352
"393",3,12,"18-30","2",0.425960890788297,0.112195693585108
"394",4,8,"18-30","3",0.509032645734887,0.113234588310762
"395",5,15,"18-30","4",0.406800489670608,0.108916405401154
"396",3,7,"18-30","5",0.36517764780086,0.120082778208027
"397",4,6,"18-30","6",0.532404207511193,0.120762836352778
"398",9,26,"18-30","7",0.463907512127238,0.138195915171015
"399",3,9,"18-30","8",0.441604929779111,0.125846780796686
"400",1,11,"18-30","9",0.299546527802196,0.122020313851151
"401",5,35,"18-30","10",0.162102029890615,0.126272760531299
"402",16,34,"18-30","11",0.416236735624613,0.137566991310637
"403",5,14,"18-30","12",0.280797266764252,0.126249910286272
"404",14,19,"18-30","13",0.458094259360218,0.124387315466398
"405",10,81,"18-30","14",0.205698413263517,0.1388646148413
"406",7,40,"18-30","15",0.258885401860344,0.113157183055178
"407",17,60,"18-30","16",0.332066676580158,0.118401469667076
"408",2,4,"18-30","17",0.435535277672041,0.123638334176801
"409",29,92,"18-30","18",0.345247541360435,0.137389175113938
"410",5,20,"18-30","19",0.286164214519955,0.144279992981403
"411",7,18,"18-30","20",0.386352733047006,0.133383762827808
"412",11,36,"18-30","21",0.392465749429015,0.123650661042062
"413",11,70,"18-30","22",0.268308236772515,0.125242704993716
"414",44,191,"18-30","23",0.256203552959746,0.129103248215222
"415",14,31,"18-30","24",0.375042873287822,0.130610989915775
"416",21,43,"18-30","25",0.434478563837065,0.121804244512918
"417",10,62,"18-30","26",0.204934003621235,0.131799572054726
"418",5,17,"18-30","27",0.243879902982268,0.128381979419281
"419",13,35,"18-30","28",0.380002457742775,0.125361319604075
"420",9,28,"18-30","29",0.423229387902438,0.141652954591315
"421",15,41,"18-30","30",0.300171549981963,0.127723986920223
"422",9,25,"18-30","31",0.365132028025272,0.109267101219489
"423",6,14,"18-30","32",0.467513626927551,0.112545600930311
"424",5,16,"18-30","33",0.37756099331465,0.122861506512914
"425",5,12,"18-30","34",0.423780442898132,0.12157981414002
"426",8,34,"18-30","35",0.346234535050067,0.119165218682525
"427",12,25,"18-30","36",0.512492800378367,0.127958180429921
"428",15,40,"18-30","37",0.413463538837635,0.136684956311383
"429",31,51,"18-30","38",0.468745401747886,0.123397030540758
"430",8,9,"18-30","39",0.619449173805724,0.108408653310838
"431",5,18,"18-30","40",0.524076058269124,0.134589283706504
"432",12,27,"18-30","41",0.494856114665587,0.122856021033083
"433",6,34,"18-30","42",0.308329838657923,0.132838905273437
"434",9,50,"18-30","43",0.274937014754841,0.139519093772077
"435",12,60,"18-30","44",0.319132880204935,0.138012077763671
"436",17,83,"18-30","45",0.327903503193635,0.147256564248399
"437",0,11,"18-30","46",0.174539245156902,0.127415031072283
"438",18,69,"18-30","47",0.361164717673711,0.139751514225252
"439",12,41,"18-30","48",0.338614207014603,0.121383094807869
"440",23,46,"18-30","49",0.395775350564923,0.125055428162887
"441",8,22,"18-30","50",0.278353793438205,0.133286716509582
"442",9,70,"18-30","51",0.124821684378936,0.130942624509135
"443",0,0,"18-30","52",0.369653209324427,0.0576767038308007
"444",22,68,"18-30","53",0.3312460066261,0.132500850930897
"445",7,18,"18-30","54",0.352172613668812,0.134256684263828
"446",17,42,"18-30","55",0.520956249368381,0.11922149594262
"447",4,15,"18-30","56",0.366505684818474,0.133951549914337
"448",15,30,"18-30","57",0.47739854666613,0.117584582080034
"449",10,18,"18-30","58",0.561045600203012,0.127232486991121
"450",8,10,"18-30","59",0.702584294147223,0.121859139755663
"451",8,31,"18-30","60",0.39366334686402,0.136346824517857
"452",34,183,"18-30","61",0.255809963642948,0.135575450521969
"453",5,20,"18-30","62",0.54571270335643,0.119078807646744
"454",6,9,"18-30","63",0.49295352156852,0.128579922710314
"455",12,29,"18-30","64",0.447596591969637,0.13485303264073
"456",27,49,"18-30","65",0.539418625454037,0.133611042949519
"457",2,12,"18-30","66",0.290554352564498,0.112367753192785
"458",1,4,"18-30","67",0.316579894822213,0.110454091097051
"459",3,18,"18-30","68",0.384734972149228,0.140926705027165
"460",1,5,"18-30","69",0.355450747275371,0.0849774054534122
"461",5,10,"18-30","70",0.349501546255479,0.108568574582706
"462",6,14,"18-30","71",0.319802545011517,0.136382727727057
"463",8,18,"18-30","72",0.477902424261238,0.12617716517755
"464",6,8,"18-30","73",0.540017088155975,0.11524983333728
"465",5,10,"18-30","74",0.361072961377092,0.135307788447106
"466",4,5,"18-30","75",0.551172276050028,0.112471133973777
"467",5,12,"18-30","76",0.559851231255929,0.126811082093714
"468",2,7,"18-30","77",0.453610621772428,0.124402947648323
"469",3,9,"18-30","78",0.553845344062299,0.123846291692302
"470",3,6,"18-30","79",0.570470920035988,0.12889131325342
"471",6,12,"18-30","80",0.406836323161802,0.137679785566556
"472",5,70,"18-30","81",0.231117472439164,0.134695713297799
"473",6,14,"18-30","82",0.533083641696668,0.107637105416627
"474",1,8,"18-30","83",0.218960249217267,0.113186699775617
"475",6,9,"18-30","84",0.473748409933187,0.127144871451955
"476",25,32,"18-30","85",0.539304751488066,0.145528827889792
"477",2,4,"18-30","86",0.404199633747591,0.122239349920644
"478",1,8,"18-30","87",0.281743369559329,0.119434021098138
"479",3,5,"18-30","88",0.680640638257276,0.118630349130234
"480",6,6,"18-30","89",0.488713226699787,0.118998068165878
"481",5,9,"18-30","90",0.518902595359792,0.112306832084739
"482",5,7,"18-30","91",0.525147230047036,0.116992469035656
"483",4,11,"18-30","92",0.368219600071784,0.0984441635352268
"484",1,3,"18-30","93",0.407221481784082,0.127318428912982
"485",6,12,"18-30","94",0.454330217237453,0.111811433880861
"486",2,8,"18-30","95",0.291775469186035,0.121519570018986
"487",5,12,"18-30","96",0.440021365711616,0.124650871989325
"488",2,5,"18-30","97",0.584229553215194,0.120164095368912
"489",12,17,"18-30","98",0.475708530731777,0.133804727037846
"490",3,11,"18-30","99",0.426829399616514,0.122604000843772
"491",4,10,"18-30","100",0.544108096610283,0.133562562733687
"492",3,8,"18-30","101",0.674314926409633,0.12709156805683
"493",4,7,"18-30","102",0.55950016838,0.124447745187325
"494",10,21,"18-30","103",0.42987562306684,0.14299638612081
"495",8,24,"18-30","104",0.333061172735643,0.132372253062052
"496",4,9,"18-30","105",0.46264785402158,0.118562714529117
"497",3,8,"18-30","106",0.492664276466469,0.115519437401502
"498",2,3,"18-30","107",0.545911693826416,0.113440612815462
"499",3,6,"18-30","108",0.594570598346021,0.116741380806525
"500",2,5,"18-30","109",0.409955024680873,0.128456413471458
"501",10,13,"18-30","110",0.585091138725372,0.126912842703135
"502",4,22,"18-30","111",0.306615811932782,0.129315361115426
"503",6,13,"18-30","112",0.555641151586666,0.122232731516712
"504",3,6,"18-30","113",0.594449707949111,0.112414691867868
"505",14,22,"18-30","114",0.505743983517338,0.118284768201481
"506",7,19,"18-30","115",0.430136742878292,0.130718489831023
"507",14,22,"18-30","116",0.548905914388878,0.124620158727007
"508",11,40,"18-30","117",0.401344131983306,0.123493768921217
"509",45,63,"18-30","118",0.582998705497338,0.127020271468989
"510",11,24,"18-30","119",0.566781107714326,0.125727449847384
"511",9,19,"18-30","120",0.571733425097834,0.124326623596024
"512",10,13,"18-30","121",0.542534739392787,0.114270530357478
"513",9,12,"18-30","122",0.607466407515425,0.140897850267203
"514",9,23,"18-30","123",0.440593541570574,0.130271816006235
"515",4,13,"18-30","124",0.436387593149695,0.124531387763493
"516",12,19,"18-30","125",0.518032918730223,0.136010056473773
"517",12,21,"18-30","126",0.523828978171022,0.135819990524557
"518",14,28,"18-30","127",0.467294865374052,0.132296495677811
"519",3,6,"18-30","128",0.586215954670069,0.119400082017916
"520",7,17,"18-30","129",0.488607316976505,0.141534536445662
"521",9,10,"18-30","130",0.640529736024148,0.118628670312287
"522",13,21,"18-30","131",0.497102800000779,0.127106132977057
"523",3,4,"18-30","132",0.623443675196109,0.126517578403029
"524",9,13,"18-30","133",0.571615082517712,0.135441658846521
"525",5,14,"18-30","134",0.502694978454965,0.128516889651807
"526",3,32,"18-30","135",0.29075776192204,0.136960380728301
"527",8,13,"18-30","136",0.522111411863264,0.122369718199925
"528",6,15,"18-30","137",0.358053664555108,0.120497301986424
"529",8,12,"18-30","138",0.487947216167195,0.132046458650362
"530",4,12,"18-30","139",0.49381333385415,0.138282267279996
"531",8,12,"18-30","140",0.517517853195116,0.120238691816431
"532",6,16,"18-30","141",0.346951029871036,0.132008763903584
"533",7,13,"18-30","142",0.375032828975383,0.11602894452309
"534",4,10,"18-30","143",0.408854875817755,0.126574894722531
"535",4,10,"18-30","144",0.500590298296394,0.135036056220627
"536",9,20,"18-30","145",0.425817514427585,0.133705549414769
"537",1,5,"18-30","146",0.420415434638792,0.124157659312595
"538",4,11,"18-30","147",0.524603439469257,0.112482551822649
"539",2,5,"18-30","148",0.491631875975494,0.121079502275151
"540",1,4,"18-30","149",0.398783801094946,0.108617856378913
"541",7,35,"18-30","150",0.206442587794158,0.142710918933573
"542",3,3,"18-30","151",0.463690405543021,0.108073378094881
"543",6,18,"18-30","152",0.375552694824502,0.124714146972244
"544",2,10,"18-30","153",0.46160270090584,0.09900914883859
"545",1,2,"18-30","154",0.397455261185913,0.117607177549633
"546",7,9,"18-30","155",0.652583844112381,0.123791998136332
"547",5,11,"18-30","156",0.480221756475419,0.125702060835931
"548",2,8,"18-30","157",0.462494321402208,0.114595334729498
"549",8,9,"18-30","158",0.741772501241172,0.112977662019314
"550",12,30,"18-30","159",0.390922055705874,0.12464190278915
"551",7,8,"18-30","160",0.575862647006903,0.117310548495765
"552",5,9,"18-30","161",0.597307101201187,0.113076941957979
"553",3,5,"18-30","162",0.524317090952695,0.116837694145944
"554",12,23,"18-30","163",0.499136065311749,0.124100624770195
"555",4,4,"18-30","164",0.588366853165892,0.110578727533676
"556",0,1,"18-30","165",0.354800225783851,0.107040906165455
"557",2,10,"18-30","166",0.3643809378496,0.119343814691149
"558",10,36,"18-30","167",0.279811143925156,0.111327379557303
"559",9,17,"18-30","168",0.477448311560092,0.125210122986197
"560",0,5,"18-30","169",0.3481050239356,0.118092131348987
"561",12,21,"18-30","170",0.458216436116379,0.120966845012527
"562",5,10,"18-30","171",0.580355595198407,0.127690468282735
"563",6,10,"18-30","172",0.44155487890238,0.114865086481656
"564",10,19,"18-30","173",0.57119354950638,0.124717218803476
"565",1,5,"18-30","174",0.420687729732255,0.113666390419481
"566",4,22,"18-30","175",0.282862894868924,0.133664204757035
"567",4,8,"18-30","176",0.383071862115419,0.116839797658686
"568",15,49,"18-30","177",0.278261279589583,0.117258701061065
"569",11,21,"18-30","178",0.551082232287165,0.133833914211899
"570",3,6,"18-30","179",0.468989131378786,0.111099057537339
"571",6,8,"18-30","180",0.589978384093235,0.11924779704305
"572",5,5,"18-30","181",0.533399822607805,0.118287567102067
"573",6,13,"18-30","182",0.545314778075119,0.126755866060972
"574",4,17,"18-30","183",0.299592856868771,0.131438897110482
"575",9,14,"18-30","184",0.627915471483517,0.126055831607662
"576",4,6,"18-30","185",0.562419354909481,0.136612795664698
"577",2,3,"18-30","186",0.411426596021719,0.120525556330801
"578",8,16,"18-30","187",0.507940490291999,0.126798191171809
"579",8,25,"18-30","188",0.334750294883843,0.127049090185
"580",1,5,"18-30","189",0.499301949039863,0.106606667306484
"581",2,8,"18-30","190",0.478801858395403,0.117718461527232
"582",0,10,"18-30","191",0.251380165350798,0.123053842478908
"583",11,15,"18-30","192",0.613530785910721,0.120557932494722
"584",5,10,"18-30","193",0.490207296419105,0.127565213823462
"585",2,7,"18-30","194",0.482514423288976,0.122763052925243
"586",18,26,"18-30","195",0.588097609300929,0.128184193358601
"587",6,11,"18-30","196",0.58784951695588,0.137809846296648
"588",3,7,"18-30","197",0.412248334192226,0.120905951319431
"589",5,11,"18-30","198",0.476656028493098,0.139273792577739
"590",12,20,"18-30","199",0.543327293211556,0.130035088083851
"591",15,32,"18-30","200",0.457166071489622,0.129382461587531
"592",23,97,"18-30","201",0.262652362420002,0.123369054986716
"593",19,32,"18-30","202",0.574061182344317,0.132700069107591
"594",14,29,"18-30","203",0.496687671456792,0.139776178097841
"595",9,17,"18-30","204",0.480119271490045,0.13554362083349
"596",11,17,"18-30","205",0.439044354154058,0.135300787994016
"597",5,11,"18-30","206",0.358643908526021,0.128074416208568
"598",5,23,"18-30","207",0.327218855901918,0.13775124429835
"599",9,23,"18-30","208",0.33631103917172,0.118796518564785
"600",0,1,"18-30","209",0.347459768691603,0.110702015717318
"601",9,16,"18-30","210",0.5324695174018,0.126753157318799
"602",3,12,"18-30","211",0.367995076881267,0.137199912559924
"603",6,8,"18-30","212",0.462073944900243,0.118012629871937
"604",13,29,"18-30","213",0.513081446314766,0.108824244279676
"605",5,6,"18-30","214",0.668642703058352,0.130655247215969
"606",9,17,"18-30","215",0.408135702280922,0.134942284998992
"607",3,8,"18-30","216",0.569938416641886,0.120048703760403
"608",9,11,"18-30","217",0.521468760910999,0.113558156174635
"609",7,14,"18-30","218",0.480454711185336,0.135057275914918
"610",4,6,"18-30","219",0.555801222096445,0.12538749247432
"611",6,19,"18-30","220",0.370126389456746,0.136700916251658
"612",5,11,"18-30","221",0.455838820029943,0.120491263203696
"613",3,10,"18-30","222",0.447671818507992,0.134354846711832
"614",4,9,"18-30","223",0.371379976783069,0.127327331643548
"615",3,6,"18-30","224",0.34200694938011,0.111914371377806
"616",13,19,"18-30","225",0.569077557649924,0.124422887267136
"617",5,9,"18-30","226",0.492372579565837,0.133934030254323
"618",22,58,"18-30","227",0.453833120832842,0.140049984348055
"619",11,18,"18-30","228",0.46990005524007,0.141014904093975
"620",8,16,"18-30","229",0.492832818109263,0.124260657794986
"621",6,24,"18-30","230",0.448178073304855,0.132430074671324
"622",8,13,"18-30","231",0.556779478924396,0.114748053066041
"623",4,9,"18-30","232",0.595059935278016,0.13001105767654
"624",5,7,"18-30","233",0.584779736579817,0.129310868848203
"625",73,130,"18-30","234",0.49114059019494,0.135387396574058
"626",14,22,"18-30","235",0.636727881611686,0.118117198899067
"627",7,7,"18-30","236",0.679373851753746,0.115018014940553
"628",5,11,"18-30","237",0.344144041357707,0.136186053674378
"629",10,16,"18-30","238",0.462639168693638,0.13028149796083
"630",13,22,"18-30","239",0.603914274241629,0.146218383344559
"631",30,53,"18-30","240",0.481509117878054,0.136758989079968
"632",4,8,"18-30","241",0.478602575811279,0.126163180596396
"633",7,16,"18-30","242",0.52664055136832,0.128174756107987
"634",30,53,"18-30","243",0.629505585151582,0.1134900884744
"635",5,14,"18-30","244",0.34919974960824,0.140653791229392
"636",6,13,"18-30","245",0.486785567311373,0.133930387660477
"637",5,13,"18-30","246",0.486827650713162,0.121572397740308
"638",6,17,"18-30","247",0.383967058200332,0.122229364306418
"639",7,9,"18-30","248",0.575356451897634,0.118051467691851
"640",3,7,"18-30","249",0.458127380528743,0.114942480732172
"641",3,7,"18-30","250",0.457898334589843,0.111562498630504
"642",5,13,"18-30","251",0.477431311967034,0.107777052638523
"643",13,17,"18-30","252",0.439709424634633,0.123913439766383
"644",1,4,"18-30","253",0.478126868357311,0.13547334794615
"645",15,26,"18-30","254",0.484002443087755,0.130164433904374
"646",7,12,"18-30","255",0.49369762064376,0.12166452153835
"647",10,12,"18-30","256",0.540165961251403,0.130171043558493
"648",6,11,"18-30","257",0.377875487122882,0.130941458649931
"649",15,32,"18-30","258",0.407780256468614,0.135677805453204
"650",17,19,"18-30","259",0.527373626660793,0.134938784723134
"651",40,153,"18-30","260",0.346983262095217,0.13305417115475
"652",5,11,"18-30","261",0.429272754148057,0.128115131001449
"653",2,5,"18-30","262",0.397511066421695,0.119866998916152
"654",31,49,"18-30","263",0.55417047531669,0.126496369629388
"655",21,43,"18-30","264",0.447893779725599,0.128407300352698
"656",9,20,"18-30","265",0.423123383125122,0.125992845991703
"657",21,30,"18-30","266",0.51069474704522,0.139569562310021
"658",14,20,"18-30","267",0.451967021721538,0.122451272373445
"659",6,7,"18-30","268",0.61699728464777,0.140246269127661
"660",24,78,"18-30","269",0.239830099909713,0.135776355762397
"661",12,19,"18-30","270",0.530779236636795,0.119281544506018
"662",8,18,"18-30","271",0.340491926124867,0.123071905543725
"663",9,27,"18-30","272",0.327469023172808,0.1424535458329
"664",6,17,"18-30","273",0.452535373418,0.146899317808709
"665",6,14,"18-30","274",0.352111162127008,0.119510449062748
"666",8,19,"18-30","275",0.391038054543588,0.138522928647835
"667",12,107,"18-30","276",0.203970769017874,0.14498470428077
"668",16,67,"18-30","277",0.273180325407348,0.13475198630367
"669",11,22,"18-30","278",0.46327919315746,0.124738108632579
"670",4,14,"18-30","279",0.353812461655458,0.12178922943586
"671",7,26,"18-30","280",0.365236171353822,0.117020298652085
"672",32,164,"18-30","281",0.245380990223532,0.1324004636462
"673",15,46,"18-30","282",0.382566273710441,0.125717420963854
"674",5,12,"18-30","283",0.438073482349399,0.129211367040089
"675",8,17,"18-30","284",0.49721604834123,0.119643531834039
"676",10,25,"18-30","285",0.437825436127249,0.125222904435412
"677",10,14,"18-30","286",0.451461582783494,0.114038245113236
"678",6,17,"18-30","287",0.383327100636121,0.136206152465713
"679",14,56,"18-30","288",0.292081033396633,0.123976969793798
"680",6,16,"18-30","289",0.356751241976418,0.13411275043923
"681",10,39,"18-30","290",0.323768166813941,0.129303278612784
"682",29,147,"18-30","291",0.243915226605314,0.132275345971123
"683",18,37,"18-30","292",0.346774380288132,0.140021686672164
"684",7,14,"18-30","293",0.414500393893566,0.138394750148164
"685",36,39,"18-30","294",0.838559783069405,0.133946920906353
"686",4,6,"18-30","295",0.489443422761262,0.120750773781018
"687",31,45,"18-30","296",0.593384352482759,0.130401520434449
"688",19,30,"18-30","297",0.540192902658194,0.122080413817071
"689",30,45,"18-30","298",0.632557016681623,0.122268926756843
"690",20,35,"18-30","299",0.485048814613797,0.124970406150207
"691",59,97,"18-30","300",0.616173341228975,0.14127963971883
"692",26,37,"18-30","301",0.56855021707571,0.128301263080764
"693",36,50,"18-30","302",0.582820374481761,0.122973460681502
"694",12,19,"18-30","303",0.584149643046795,0.110545392635959
"695",26,37,"18-30","304",0.621828750537139,0.141632048293063
"696",42,59,"18-30","305",0.6659522283212,0.145133626566016
"697",43,69,"18-30","306",0.658485916235935,0.126943783930268
"698",34,42,"18-30","307",0.580822861837976,0.114902242629152
"699",6,14,"18-30","308",0.625177756361035,0.120469690803375
"700",5,17,"18-30","309",0.416211582542419,0.134634608948018
"701",7,18,"18-30","310",0.451989880473833,0.126355221213057
"702",20,24,"18-30","311",0.669699336730469,0.124843911795977
"703",68,92,"18-30","312",0.65914094868102,0.120109585647814
"704",27,30,"18-30","313",0.705111883332233,0.134331828770907
"705",23,42,"18-30","314",0.542186543473178,0.137144533514952
"706",77,109,"18-30","315",0.67219755145116,0.138872262493845
"707",32,49,"18-30","316",0.653925163522982,0.132133075656118
"708",29,43,"18-30","317",0.648354444661769,0.127562733429298
"709",20,29,"18-30","318",0.66652951968845,0.132852872582636
"710",13,19,"18-30","319",0.606613492099318,0.126688312276555
"711",27,38,"18-30","320",0.586685964554741,0.131377029672984
"712",80,123,"18-30","321",0.633502352840906,0.130686843370113
"713",9,21,"18-30","322",0.478907144876618,0.125231297168284
"714",60,77,"18-30","323",0.684673478172632,0.129953897244914
"715",34,41,"18-30","324",0.578931561735087,0.126333881461493
"716",86,119,"18-30","325",0.655205257151157,0.114610139507149
"717",72,112,"18-30","326",0.665245764188081,0.134845476878417
"718",4,10,"18-30","327",0.482308517418045,0.138852863773639
"719",1,7,"18-30","328",0.297815170228374,0.125881576738128
"720",9,48,"18-30","329",0.186596287256605,0.137418884032313
"721",0,3,"18-30","330",0.258702318246113,0.111835141064687
"722",0,7,"18-30","331",0.28774669978021,0.101727479656182
"723",0,2,"18-30","332",0.223215539063506,0.0879421279145019
"724",6,8,"18-30","333",0.575520794908991,0.130249306089743
"725",2,7,"18-30","334",0.441975281919779,0.122922957569042
"726",0,5,"18-30","335",0.312860355101858,0.102448882811459
"727",3,7,"18-30","336",0.35223350184949,0.11153506701967
"728",5,12,"18-30","337",0.423935431676204,0.117828934470174
"729",4,5,"18-30","338",0.493058919308983,0.104748612074849
"730",2,13,"18-30","339",0.166758118320389,0.116360809346526
"731",1,5,"18-30","340",0.400815579231191,0.108914209241254
"732",0,1,"18-30","341",0.399194752125068,0.122063667818489
"733",6,6,"18-30","342",0.580176599470578,0.12221781242369
"734",0,3,"18-30","343",0.22924455184551,0.099231346270342
"735",4,8,"18-30","344",0.367834399218921,0.115131079752898
"736",13,48,"18-30","345",0.236307017806276,0.133773225687843
"737",4,22,"18-30","346",0.128368425548293,0.12000682554178
"738",3,9,"18-30","347",0.392695601269194,0.115486211540116
"739",6,11,"18-30","348",0.619386939242664,0.123028411217442
"740",2,10,"18-30","349",0.272228382462977,0.112592679201506
"741",1,5,"18-30","350",0.369757269554925,0.119320037020827
"742",0,4,"18-30","351",0.206195517326063,0.0939664278581275
"743",2,11,"18-30","352",0.340040662920121,0.122512354835458
"744",5,7,"18-30","353",0.417368282003685,0.122658414703689
"745",0,0,"18-30","354",0.298370886574854,0.0767217486133533
"746",2,7,"18-30","355",0.24504350179182,0.122273292230113
"747",18,34,"18-30","356",0.481806201236242,0.135906472864178
"748",3,11,"18-30","357",0.423910334197037,0.129641593741986
"749",4,49,"18-30","358",0.15426788928942,0.146263114174509
"750",3,10,"18-30","359",0.34401833735635,0.142076149697818
"751",2,9,"18-30","360",0.304032437890313,0.113398296557262
"752",17,179,"18-30","361",0.158961945651425,0.156463086479687
"753",11,23,"18-30","362",0.454980873897285,0.125062571816173
"754",4,8,"18-30","363",0.421993715700292,0.129007334976017
"755",8,14,"18-30","364",0.473206490333471,0.123501832851149
"756",0,6,"18-30","365",0.351349498583973,0.121682937169742
"757",12,51,"18-30","366",0.246138838294452,0.133417016697197
"758",11,22,"18-30","367",0.430087686292556,0.123459987947251
"759",3,5,"18-30","368",0.590683531099532,0.127135866759583
"760",35,158,"18-30","369",0.249475649835388,0.13357979522146
"761",1,3,"18-30","370",0.516136743359842,0.11897403005512
"762",4,18,"18-30","371",0.282597020930173,0.124956311556732
"763",4,9,"18-30","372",0.340007312779831,0.127147976170379
"764",4,5,"18-30","373",0.503506701477623,0.11205402830309
"765",7,11,"18-30","374",0.416052054859766,0.12738518476437
"766",6,15,"18-30","375",0.395635948097773,0.12106502261089
"767",3,21,"18-30","376",0.182404384895629,0.132786172596575
"768",1,15,"18-30","377",0.193423244536446,0.13752265757535
"769",4,12,"18-30","378",0.301695192812463,0.128534941021899
"770",9,42,"18-30","379",0.227749441450939,0.135211485794275
"771",2,10,"18-30","380",0.394300254306337,0.122392597755792
"772",7,14,"18-30","381",0.412544149925408,0.132419309345029
"773",8,15,"18-30","382",0.449449112660713,0.121504947790233
"774",15,94,"18-30","383",0.185035048741299,0.132551678269906
"775",13,24,"18-30","384",0.380152423896265,0.126743168409925
"776",8,18,"18-30","385",0.449851978997605,0.129899243034314
"777",1,1,"18-30","386",0.489488557434077,0.10559632503604
"778",5,9,"18-30","387",0.411704823025832,0.128504223283701
"779",7,12,"18-30","388",0.495404442111151,0.113983888527449
"780",5,16,"18-30","389",0.387897719241402,0.124064506966932
"781",0,3,"18-30","390",0.317019184575774,0.136422907691936
"782",1,1,"18-30","391",0.479031316138976,0.112710367533847
"783",9,25,"30-60","1",0.394220896145011,0.120934240819127
"784",12,26,"30-60","2",0.455268440353402,0.113588635873559
"785",12,22,"30-60","3",0.538692139548399,0.114470357889795
"786",24,49,"30-60","4",0.435790546699095,0.109299173219721
"787",14,37,"30-60","5",0.393167478935729,0.121120499845213
"788",18,32,"30-60","6",0.561867049678022,0.122868311090702
"789",46,87,"30-60","7",0.493581002818632,0.138931255318561
"790",14,28,"30-60","8",0.471105486959749,0.126341167952236
"791",11,32,"30-60","9",0.325081923616509,0.122684288578801
"792",7,61,"30-60","10",0.17891345889463,0.127037030767059
"793",47,104,"30-60","11",0.445394346991271,0.138829728429139
"794",8,33,"30-60","12",0.30543128935651,0.127492168893122
"795",7,25,"30-60","13",0.487734208159208,0.12530340439722
"796",37,136,"30-60","14",0.225812681568372,0.140263140292556
"797",28,98,"30-60","15",0.282351798495674,0.114464016614944
"798",20,59,"30-60","16",0.358953653193525,0.119797726064565
"799",11,28,"30-60","17",0.464967994001605,0.125104422336929
"800",34,84,"30-60","18",0.37260639682474,0.138284790271208
"801",18,61,"30-60","19",0.311065429935142,0.144267586494931
"802",28,73,"30-60","20",0.414904813471262,0.133299844239948
"803",30,65,"30-60","21",0.421159537594071,0.124377158396239
"804",38,113,"30-60","22",0.292291894576811,0.125688372493033
"805",89,302,"30-60","23",0.279518541228989,0.131586736132877
"806",49,127,"30-60","24",0.403308462314244,0.131891837238216
"807",76,164,"30-60","25",0.463898557460851,0.122998443438996
"808",26,109,"30-60","26",0.224994697137821,0.133220287766388
"809",9,39,"30-60","27",0.266475200246412,0.129232536762171
"810",35,82,"30-60","28",0.40839757055828,0.127797050131561
"811",34,76,"30-60","29",0.452497145426809,0.143078009440894
"812",25,100,"30-60","30",0.325735449350861,0.128474417353709
"813",20,55,"30-60","31",0.393120527857006,0.110350273774727
"814",20,38,"30-60","32",0.497203850078758,0.113492161002445
"815",26,62,"30-60","33",0.405893105732216,0.124883568893143
"816",18,40,"30-60","34",0.453056374243753,0.122590209546951
"817",37,97,"30-60","35",0.373626972377586,0.120336863453456
"818",38,70,"30-60","36",0.542131284248196,0.128387076421636
"819",60,121,"30-60","37",0.442574165485797,0.138190368503381
"820",43,100,"30-60","38",0.498440626452082,0.124255927389216
"821",14,22,"30-60","39",0.647063207871769,0.109413799920106
"822",53,91,"30-60","40",0.553623691557879,0.135383649881749
"823",76,143,"30-60","41",0.524572145987519,0.122555160484775
"824",45,124,"30-60","42",0.334256680418873,0.134202363133895
"825",66,219,"30-60","43",0.299270854226722,0.140059042975281
"826",43,109,"30-60","44",0.345514346321797,0.139430770441924
"827",50,126,"30-60","45",0.35463236600445,0.148819648748132
"828",9,54,"30-60","46",0.192344431745906,0.1285226262597
"829",71,168,"30-60","47",0.389035461852562,0.139811169604284
"830",65,183,"30-60","48",0.365741036246522,0.1230949765984
"831",57,143,"30-60","49",0.424542021297549,0.12632348697806
"832",33,113,"30-60","50",0.302863723443769,0.135021986320765
"833",30,237,"30-60","51",0.138405451436897,0.133210942495342
"834",0,2,"30-60","52",0.397771135879034,0.057694670115845
"835",111,310,"30-60","53",0.358102160077107,0.133207537586499
"836",29,73,"30-60","54",0.379761948584596,0.135889181879271
"837",94,160,"30-60","55",0.550531456760257,0.118958969968397
"838",51,116,"30-60","56",0.394534044861348,0.132976836376748
"839",62,113,"30-60","57",0.507118676268124,0.118982765396981
"840",36,57,"30-60","58",0.590093217214753,0.129147450204472
"841",26,36,"30-60","59",0.726826095672968,0.123084264583916
"842",45,100,"30-60","60",0.422383819029869,0.13726654706956
"843",48,140,"30-60","61",0.279102574688604,0.136649033471842
"844",51,79,"30-60","62",0.575006369586885,0.119454139123121
"845",25,47,"30-60","63",0.522673517637546,0.128934604283164
"846",51,100,"30-60","64",0.47715538230209,0.135652568519005
"847",110,201,"30-60","65",0.568797455518298,0.134231981971716
"848",8,30,"30-60","66",0.31566865180826,0.1134107951366
"849",6,17,"30-60","67",0.342856589339991,0.112077750021649
"850",17,32,"30-60","68",0.413248009373301,0.141493987494218
"851",4,9,"30-60","69",0.383145006961535,0.0866979235274905
"852",7,24,"30-60","70",0.377003403277592,0.109762182475807
"853",15,51,"30-60","71",0.346211220654251,0.139205268665573
"854",37,69,"30-60","72",0.507623452900883,0.127924200352505
"855",7,15,"30-60","73",0.569388218135783,0.116475364163005
"856",15,40,"30-60","74",0.388940935767099,0.137017483038213
"857",22,35,"30-60","75",0.580384594912242,0.112506523150271
"858",26,44,"30-60","76",0.58891997454722,0.127716119630979
"859",18,42,"30-60","77",0.483219153318739,0.124751532208148
"860",27,37,"30-60","78",0.583015306301278,0.125820936510153
"861",22,37,"30-60","79",0.599340235525828,0.129312556651458
"862",25,64,"30-60","80",0.435827057651845,0.137860946094916
"863",31,83,"30-60","81",0.252925868322728,0.135529335264721
"864",20,34,"30-60","82",0.562538849494078,0.108840032115393
"865",5,27,"30-60","83",0.239979528151039,0.113355109549391
"866",16,38,"30-60","84",0.503460216569157,0.127393782619732
"867",46,88,"30-60","85",0.568685037236107,0.146356290831787
"868",8,20,"30-60","86",0.433139679784408,0.122868343472514
"869",10,33,"30-60","87",0.306425029292332,0.120235390342242
"870",22,24,"30-60","88",0.705922385574472,0.11922464262119
"871",15,34,"30-60","89",0.518438966705603,0.120988441701912
"872",21,31,"30-60","90",0.548494705482122,0.114313229330906
"873",17,31,"30-60","91",0.554684868842771,0.117744249555778
"874",18,45,"30-60","92",0.396297036582312,0.100587433689924
"875",18,38,"30-60","93",0.436219478167045,0.128362179069719
"876",13,26,"30-60","94",0.483944116867857,0.11271896502217
"877",8,31,"30-60","95",0.316948162476313,0.121792969917496
"878",19,45,"30-60","96",0.469505082848583,0.126257176531308
"879",16,23,"30-60","97",0.612801781821328,0.121037973597011
"880",31,60,"30-60","98",0.505425202388072,0.134681130504645
"881",13,29,"30-60","99",0.45614922128745,0.123700321590765
"882",29,51,"30-60","100",0.57342435171287,0.135475106573191
"883",21,26,"30-60","101",0.699876632019724,0.128128517343897
"884",14,21,"30-60","102",0.588575058482369,0.124429018414824
"885",29,71,"30-60","103",0.459237039296551,0.143468024851499
"886",24,67,"30-60","104",0.359985274149516,0.133650965702941
"887",18,33,"30-60","105",0.492314765054307,0.118729244087006
"888",10,16,"30-60","106",0.522384800055406,0.116288977413014
"889",11,16,"30-60","107",0.57520251695565,0.114684656872172
"890",18,29,"30-60","108",0.622890888547274,0.118257137413
"891",15,30,"30-60","109",0.43900351700688,0.130129565415438
"892",28,51,"30-60","110",0.613643313765539,0.129019045828909
"893",22,65,"30-60","111",0.332467803696524,0.130200649490004
"894",32,51,"30-60","112",0.584781725844059,0.124110096360446
"895",21,33,"30-60","113",0.622773085016922,0.113635519788503
"896",27,50,"30-60","114",0.53542082696998,0.120576979773252
"897",28,65,"30-60","115",0.459501619687841,0.132128830259393
"898",27,46,"30-60","116",0.578152844008059,0.125549568754622
"899",59,139,"30-60","117",0.430227361517205,0.124444135891549
"900",118,211,"30-60","118",0.611599286381131,0.127580765210572
"901",40,67,"30-60","119",0.595722671724074,0.125611358532637
"902",42,64,"30-60","120",0.600577297952775,0.125376516725425
"903",20,35,"30-60","121",0.571872560730064,0.115070361412041
"904",49,71,"30-60","122",0.635438222322105,0.141231649874675
"905",19,35,"30-60","123",0.470083413354537,0.13161597258125
"906",48,101,"30-60","124",0.465830374131098,0.125982773917985
"907",29,54,"30-60","125",0.547631887866173,0.137482888675664
"908",38,75,"30-60","126",0.553378878596424,0.137452045063465
"909",47,95,"30-60","127",0.49698416225635,0.134010294322995
"910",17,24,"30-60","128",0.61474169276493,0.119927516044485
"911",37,66,"30-60","129",0.518333145762385,0.142557373540692
"912",20,29,"30-60","130",0.667435333809303,0.119662364049999
"913",54,103,"30-60","131",0.526813043955154,0.126611216716901
"914",22,31,"30-60","132",0.650931192159607,0.12758994496346
"915",30,52,"30-60","133",0.600461355900937,0.135592749629736
"916",24,43,"30-60","134",0.532385624335927,0.131081070211861
"917",23,60,"30-60","135",0.315881814669657,0.137844947000528
"918",21,36,"30-60","136",0.551676676013726,0.12219703600817
"919",17,45,"30-60","137",0.385829328000695,0.121528818750253
"920",16,31,"30-60","138",0.517673538182002,0.132370933252099
"921",28,49,"30-60","139",0.52353164456591,0.139454003254777
"922",28,57,"30-60","140",0.54712080068626,0.121957618107118
"923",10,39,"30-60","141",0.374367692785692,0.132344702878345
"924",20,53,"30-60","142",0.403298149509133,0.116526978246814
"925",16,33,"30-60","143",0.43788326522576,0.128476345306875
"926",24,47,"30-60","144",0.530289189048788,0.135623728573212
"927",27,64,"30-60","145",0.455123020437039,0.135059815622433
"928",13,23,"30-60","146",0.449640300143058,0.126107696681413
"929",27,44,"30-60","147",0.554146185719717,0.113080759583584
"930",17,33,"30-60","148",0.521354120467842,0.121727148759348
"931",5,12,"30-60","149",0.42761438659796,0.109071264936457
"932",9,51,"30-60","150",0.226608864798707,0.143848915869777
"933",5,13,"30-60","151",0.493362789354939,0.109095148206153
"934",20,48,"30-60","152",0.403831878982281,0.125287547851717
"935",14,27,"30-60","153",0.491263863720556,0.100693581777374
"936",8,16,"30-60","154",0.426257895876039,0.118165422520147
"937",23,32,"30-60","155",0.67903930960972,0.12393169968176
"938",15,27,"30-60","156",0.50994614220829,0.126444594611352
"939",18,32,"30-60","157",0.492160404449825,0.115308911844918
"940",37,45,"30-60","158",0.763893555208135,0.114832362672872
"941",32,73,"30-60","159",0.419580927708477,0.126510794221725
"942",32,52,"30-60","160",0.604620737154923,0.11894122356911
"943",26,38,"30-60","161",0.625556621485874,0.114127051733167
"944",13,21,"30-60","162",0.553862498784874,0.117028040213149
"945",24,44,"30-60","163",0.528840040351355,0.124746518349647
"946",9,14,"30-60","164",0.616841229040428,0.11163770033926
"947",2,7,"30-60","165",0.382473877173933,0.107254850935835
"948",11,31,"30-60","166",0.392347444560564,0.119699120511135
"949",9,33,"30-60","167",0.304395270175288,0.113542118746241
"950",20,42,"30-60","168",0.507168532651364,0.126118352522523
"951",4,14,"30-60","169",0.375560434849464,0.118780234412571
"952",27,57,"30-60","170",0.48785717336077,0.121164662985435
"953",20,35,"30-60","171",0.609015882273955,0.12649774156482
"954",18,38,"30-60","172",0.471054913108668,0.115608583709184
"955",34,60,"30-60","173",0.600048347238958,0.125479921476105
"956",10,22,"30-60","174",0.449916829996495,0.114588580961928
"957",14,51,"30-60","175",0.307600627513151,0.133742618817274
"958",10,26,"30-60","176",0.411544088433169,0.117373495877583
"959",22,86,"30-60","177",0.302766481168219,0.11801729052942
"960",51,87,"30-60","178",0.580295949040763,0.134665135508136
"961",10,18,"30-60","179",0.498685302676638,0.112522597749291
"962",25,39,"30-60","180",0.618413581832104,0.119842884288497
"963",20,41,"30-60","181",0.562851440849111,0.118819482506729
"964",27,47,"30-60","182",0.574614102045647,0.127360485171284
"965",21,63,"30-60","183",0.32513036888869,0.133101211913316
"966",36,51,"30-60","184",0.655257063860357,0.127599681238782
"967",19,32,"30-60","185",0.591442263931207,0.138026427518234
"968",20,49,"30-60","186",0.440501515539228,0.121841116414371
"969",17,30,"30-60","187",0.537606029103211,0.127791394667064
"970",23,63,"30-60","188",0.361736881842903,0.128315941966016
"971",12,16,"30-60","189",0.529005369420702,0.106969242103824
"972",10,19,"30-60","190",0.508524341240082,0.118781787107748
"973",10,28,"30-60","191",0.274418159140626,0.123262015744166
"974",27,40,"30-60","192",0.641325612527884,0.121152138586965
"975",19,34,"30-60","193",0.519931499912232,0.128925049182199
"976",16,28,"30-60","194",0.512240866873775,0.123292906382518
"977",44,68,"30-60","195",0.616578472707431,0.129445425098971
"978",37,56,"30-60","196",0.616336343513489,0.137399607016496
"979",10,28,"30-60","197",0.441337780574226,0.121814482001566
"980",25,51,"30-60","198",0.506374722813534,0.139271092360728
"981",42,76,"30-60","199",0.572654323039419,0.130558743195461
"982",36,78,"30-60","200",0.486799913227519,0.1308509153464
"983",31,111,"30-60","201",0.286328291813492,0.124227072459006
"984",68,114,"30-60","202",0.602857180686328,0.134215965815797
"985",73,134,"30-60","203",0.526399074898203,0.141236144313445
"986",31,62,"30-60","204",0.509843535976673,0.135824585225777
"987",24,52,"30-60","205",0.468517378923613,0.135842815970842
"988",12,35,"30-60","206",0.386437796427571,0.130562521042611
"989",26,67,"30-60","207",0.353921298518161,0.138633485818325
"990",21,60,"30-60","208",0.363354725320908,0.119378217558346
"991",6,11,"30-60","209",0.374893554732598,0.110988170184407
"992",21,34,"30-60","210",0.561931630416359,0.127596239954293
"993",16,49,"30-60","211",0.396066125883294,0.136777579920907
"994",21,43,"30-60","212",0.49173773195461,0.11952179965234
"995",25,41,"30-60","213",0.542716074955136,0.109739259813896
"996",30,41,"30-60","214",0.694447869792917,0.131843112329358
"997",19,49,"30-60","215",0.437150790266459,0.135611786440136
"998",16,21,"30-60","216",0.598818353053846,0.120782712534967
"999",5,16,"30-60","217",0.551039595474316,0.114082904825102
"1000",19,40,"30-60","218",0.510179363202182,0.135373569092842
"1001",9,14,"30-60","219",0.584939140491013,0.126593993481919
"1002",19,45,"30-60","220",0.398257568295522,0.136443556519412
"1003",18,35,"30-60","221",0.485463569174612,0.123172999510602
"1004",18,37,"30-60","222",0.477231284878947,0.13529647846539
"1005",18,43,"30-60","223",0.399545996177262,0.128328575222734
"1006",15,42,"30-60","224",0.369253830488938,0.112952014195703
"1007",51,87,"30-60","225",0.597974525598924,0.125496190288593
"1008",26,49,"30-60","226",0.522093615032307,0.135499460745434
"1009",68,129,"30-60","227",0.483443325502995,0.14276658881882
"1010",26,53,"30-60","228",0.499599638477208,0.142685500313947
"1011",33,62,"30-60","229",0.522553036729589,0.125018461534711
"1012",21,40,"30-60","230",0.477742053730775,0.13417092810316
"1013",28,44,"30-60","231",0.585901037016525,0.116902104831238
"1014",34,53,"30-60","232",0.623367696359162,0.129719490537658
"1015",17,28,"30-60","233",0.613339179246409,0.130042366041239
"1016",309,641,"30-60","234",0.520863564731279,0.136113364265465
"1017",66,95,"30-60","235",0.663768666584488,0.118219999917483
"1018",13,18,"30-60","236",0.704712375980206,0.115341708433655
"1019",10,37,"30-60","237",0.371465062166475,0.137732149577351
"1020",21,52,"30-60","238",0.492306033038252,0.131376507936381
"1021",40,66,"30-60","239",0.631985865892818,0.147016235103066
"1022",38,86,"30-60","240",0.511234813352814,0.138045128161035
"1023",18,35,"30-60","241",0.508324753101502,0.127530231948154
"1024",26,46,"30-60","242",0.556163807528053,0.128242095548484
"1025",232,351,"30-60","243",0.656794197596565,0.116139232632151
"1026",19,55,"30-60","244",0.376691610650812,0.139707696406539
"1027",51,92,"30-60","245",0.516512505688732,0.134953304413923
"1028",45,87,"30-60","246",0.516554572364636,0.123178106452423
"1029",23,53,"30-60","247",0.412461336497212,0.123768222131082
"1030",19,37,"30-60","248",0.604125269480966,0.118658945269661
"1031",17,35,"30-60","249",0.487767543423602,0.115453791692654
"1032",7,17,"30-60","250",0.487537011534495,0.112629514703982
"1033",29,54,"30-60","251",0.507151501872217,0.108839506567605
"1034",22,52,"30-60","252",0.46918975300041,0.125568108437374
"1035",16,29,"30-60","253",0.507848277952742,0.137772066945025
"1036",53,105,"30-60","254",0.513729552055321,0.13085945098057
"1037",26,49,"30-60","255",0.523416168387136,0.12314248128126
"1038",47,83,"30-60","256",0.56953516277857,0.130702819959841
"1039",10,30,"30-60","257",0.406215797569321,0.131082365466232
"1040",31,75,"30-60","258",0.436788723600913,0.137733354764794
"1041",28,64,"30-60","259",0.556889630935348,0.136485511351711
"1042",84,209,"30-60","260",0.374401011802799,0.134054449381227
"1043",16,36,"30-60","261",0.458626117417562,0.129653091796055
"1044",14,42,"30-60","262",0.426314883905781,0.120995059297136
"1045",48,81,"30-60","263",0.583335172377385,0.12738834419728
"1046",64,134,"30-60","264",0.477455232839438,0.129033448835711
"1047",26,59,"30-60","265",0.452389559801279,0.127597402828635
"1048",55,100,"30-60","266",0.540344501082785,0.140149062281553
"1049",25,60,"30-60","267",0.48156282467237,0.123210113496844
"1050",16,27,"30-60","268",0.644687183550388,0.14019432321771
"1051",34,148,"30-60","269",0.262180288207135,0.136877691939355
"1052",21,38,"30-60","270",0.560259899295648,0.12072129391273
"1053",23,74,"30-60","271",0.367685554965859,0.12331440422879
"1054",40,113,"30-60","272",0.354181133310282,0.144110173382416
"1055",32,60,"30-60","273",0.482135651457501,0.147543706239594
"1056",20,64,"30-60","274",0.379698504522614,0.120160173210246
"1057",27,64,"30-60","275",0.419699570659523,0.13859238006937
"1058",56,243,"30-60","276",0.223963733529488,0.146530084978988
"1059",28,88,"30-60","277",0.297422463575626,0.136622385199158
"1060",38,80,"30-60","278",0.492949449488456,0.127095320959406
"1061",14,36,"30-60","279",0.381454619169612,0.123166188694327
"1062",21,49,"30-60","280",0.393227709600101,0.11850669614556
"1063",73,253,"30-60","281",0.268066056223814,0.133488271388846
"1064",43,97,"30-60","282",0.411025958090313,0.127272354823649
"1065",36,74,"30-60","283",0.467535653126712,0.129158969030381
"1066",26,51,"30-60","284",0.526925968892521,0.120921540006493
"1067",34,68,"30-60","285",0.467284797246341,0.127155565141315
"1068",19,50,"30-60","286",0.481053340644441,0.114042567327165
"1069",22,49,"30-60","287",0.411805634582598,0.136711787406834
"1070",48,156,"30-60","288",0.317268279286859,0.124916709338054
"1071",39,98,"30-60","289",0.38448638451173,0.13543074602507
"1072",44,127,"30-60","290",0.350335650694978,0.130463891565384
"1073",86,326,"30-60","291",0.266512643033259,0.133209067381987
"1074",29,86,"30-60","292",0.374185082388976,0.141283501973831
"1075",26,59,"30-60","293",0.443628807138599,0.138926443129233
"1076",57,64,"30-60","294",0.854021257044688,0.135131547217508
"1077",11,19,"30-60","295",0.519168478109096,0.121269884964975
"1078",69,109,"30-60","296",0.621734788085667,0.131070519459783
"1079",27,48,"30-60","297",0.569561754642514,0.122338705613747
"1080",40,60,"30-60","298",0.659742359142328,0.124021351340033
"1081",83,159,"30-60","299",0.514776075716726,0.126270761195872
"1082",98,148,"30-60","300",0.643888427566932,0.142159742911255
"1083",70,123,"30-60","301",0.597457533554439,0.130149096953193
"1084",54,96,"30-60","302",0.61142503429352,0.12436908621666
"1085",33,54,"30-60","303",0.612723722933458,0.111304293964164
"1086",54,83,"30-60","304",0.649367852487459,0.140897985774205
"1087",76,111,"30-60","305",0.691870365790301,0.14623960412685
"1088",62,88,"30-60","306",0.684709086215559,0.128601866693615
"1089",51,96,"30-60","307",0.60947271059198,0.115418544180772
"1090",33,38,"30-60","308",0.652609224039881,0.122206244061491
"1091",26,53,"30-60","309",0.445368776189549,0.135998497243224
"1092",45,95,"30-60","310",0.481585864911583,0.126851309108193
"1093",63,92,"30-60","311",0.695459694593535,0.125717357212871
"1094",89,136,"30-60","312",0.685337856600313,0.12025821472834
"1095",49,67,"30-60","313",0.729227064625713,0.135846093832395
"1096",49,79,"30-60","314",0.571529059573713,0.13816751106466
"1097",132,191,"30-60","315",0.697850976957582,0.139853441545203
"1098",101,141,"30-60","316",0.680328522602595,0.133433478429168
"1099",57,84,"30-60","317",0.674971566431845,0.129125487016632
"1100",42,60,"30-60","318",0.692423553338973,0.134569704957121
"1101",28,40,"30-60","319",0.634609527184357,0.126661041563524
"1102",78,132,"30-60","320",0.61520056976764,0.132121897522433
"1103",124,189,"30-60","321",0.660655275256488,0.13078701177184
"1104",40,70,"30-60","322",0.508629785329019,0.124756872835014
"1105",88,136,"30-60","323",0.70977210180299,0.131666426163584
"1106",57,104,"30-60","324",0.607623350535051,0.127747271784203
"1107",118,179,"30-60","325",0.68155851201853,0.115185929291784
"1108",127,177,"30-60","326",0.691193297604831,0.136473561815652
"1109",15,27,"30-60","327",0.512034827386574,0.140061618215195
"1110",6,21,"30-60","328",0.323271089826545,0.128460763805252
"1111",17,106,"30-60","329",0.205325499873901,0.138008549486678
"1112",2,15,"30-60","330",0.282158437696831,0.112267252757355
"1113",5,16,"30-60","331",0.312725291966602,0.102330959088895
"1114",0,8,"30-60","332",0.244515424649151,0.0886316555683227
"1115",23,34,"30-60","333",0.604286136161983,0.131668182971312
"1116",12,24,"30-60","334",0.471479690035731,0.123924368444215
"1117",4,13,"30-60","335",0.338981452793872,0.102893734968171
"1118",7,23,"30-60","336",0.379824810088891,0.111534082353161
"1119",13,31,"30-60","337",0.453213648662954,0.117701897704671
"1120",8,18,"30-60","338",0.522778718218893,0.106267119239252
"1121",4,37,"30-60","339",0.183946417555937,0.117956412554112
"1122",13,29,"30-60","340",0.42968807273139,0.110411466214455
"1123",15,34,"30-60","341",0.428033895757795,0.123228371401139
"1124",16,27,"30-60","342",0.608840871842384,0.12305186444481
"1125",0,7,"30-60","343",0.250933895643939,0.100568645373413
"1126",19,50,"30-60","344",0.395900869384611,0.117474957893198
"1127",22,99,"30-60","345",0.258440505990454,0.133748915337351
"1128",10,96,"30-60","346",0.142275421049933,0.121466533807932
"1129",8,17,"30-60","347",0.421394538191099,0.116528316895275
"1130",22,32,"30-60","348",0.64700291581433,0.124125895476654
"1131",5,18,"30-60","349",0.296420496773402,0.113604556431668
"1132",7,14,"30-60","350",0.397878115273499,0.119761775644934
"1133",0,10,"30-60","351",0.226344543302017,0.0945021550189905
"1134",23,57,"30-60","352",0.367218318862046,0.124192236767891
"1135",25,57,"30-60","353",0.446544525416759,0.12393476958777
"1136",0,4,"30-60","354",0.323852398941886,0.0778275353167825
"1137",7,29,"30-60","355",0.267708436136714,0.124594177652129
"1138",49,95,"30-60","356",0.511532142858414,0.13642030299645
"1139",21,42,"30-60","357",0.453188181464353,0.130137189511136
"1140",13,84,"30-60","358",0.170432107935005,0.147976731112283
"1141",31,86,"30-60","359",0.371335028926533,0.142380648626403
"1142",9,28,"30-60","360",0.329770206698552,0.114912913492935
"1143",69,338,"30-60","361",0.175515935333232,0.157638907003876
"1144",20,47,"30-60","362",0.484599520052338,0.125429506646615
"1145",11,27,"30-60","363",0.451242875771136,0.129891990534997
"1146",30,60,"30-60","364",0.502916789922368,0.124618575820235
"1147",13,36,"30-60","365",0.378912066330033,0.122735170836941
"1148",14,53,"30-60","366",0.268869003236937,0.133453242523664
"1149",25,55,"30-60","367",0.45945191422568,0.125572560341272
"1150",31,48,"30-60","368",0.619101398577289,0.128594543975102
"1151",54,193,"30-60","369",0.272402613218278,0.135059803573329
"1152",13,22,"30-60","370",0.54575005038051,0.119935178615761
"1153",9,34,"30-60","371",0.307321465990702,0.126129176928219
"1154",17,43,"30-60","372",0.367183786234589,0.127513879745186
"1155",13,29,"30-60","373",0.533193887488013,0.112543249848643
"1156",19,47,"30-60","374",0.445206595621994,0.128039840279395
"1157",22,48,"30-60","375",0.424399603304505,0.121384070256312
"1158",2,19,"30-60","376",0.200816721547707,0.132343348760292
"1159",7,35,"30-60","377",0.212658547252708,0.139549571047689
"1160",13,46,"30-60","378",0.327328160004041,0.130515874218134
"1161",20,97,"30-60","379",0.24934309110433,0.136753388324479
"1162",21,44,"30-60","380",0.423034773874283,0.123749984278496
"1163",18,47,"30-60","381",0.44163878541229,0.133477205277792
"1164",28,57,"30-60","382",0.479024153985912,0.122979705052127
"1165",31,167,"30-60","383",0.203646788816104,0.133792120887018
"1166",15,54,"30-60","384",0.40855135844465,0.127550788032807
"1167",24,49,"30-60","385",0.479430444867158,0.131076485385445
"1168",8,14,"30-60","386",0.519213566303265,0.10576533052692
"1169",13,33,"30-60","387",0.440784679577193,0.12966805323763
"1170",23,41,"30-60","388",0.525119171376801,0.116241397328923
"1171",20,48,"30-60","389",0.416486483954341,0.124817031201181
"1172",12,37,"30-60","390",0.343314024433999,0.13673289156511
"1173",9,17,"30-60","391",0.508754139070011,0.112716032234633
"1174",0,4,"60-100","1",0.256462393922832,0.11155803361096
"1175",2,4,"60-100","2",0.306987884485059,0.100563441745804
"1176",6,14,"60-100","3",0.382310052612521,0.103197239717338
"1177",2,8,"60-100","4",0.290471103514217,0.0984967465166163
"1178",0,3,"60-100","5",0.255621755406572,0.109836812268378
"1179",3,6,"60-100","6",0.404658798695593,0.106020685315951
"1180",4,11,"60-100","7",0.340624899171356,0.125930804672802
"1181",2,4,"60-100","8",0.32070358972582,0.117228607049348
"1182",1,6,"60-100","9",0.203372585265925,0.110944593791079
"1183",1,7,"60-100","10",0.103534065986822,0.113744221140577
"1184",8,27,"60-100","11",0.298567095930152,0.125607381663115
"1185",2,11,"60-100","12",0.189018622086243,0.118031541970167
"1186",1,4,"60-100","13",0.335390012252256,0.111078056325066
"1187",1,22,"60-100","14",0.13389603119388,0.124792650125461
"1188",2,9,"60-100","15",0.172550379659343,0.100427835188861
"1189",4,10,"60-100","16",0.22886312341784,0.108353156287323
"1190",3,8,"60-100","17",0.315357195847973,0.113507110635818
"1191",4,13,"60-100","18",0.239415847047709,0.127814031160553
"1192",5,20,"60-100","19",0.193102372646134,0.134964704371317
"1193",3,9,"60-100","20",0.273177859114422,0.122202450277996
"1194",2,8,"60-100","21",0.278312328720302,0.111702372257129
"1195",4,15,"60-100","22",0.179592306323594,0.114010912379161
"1196",6,47,"60-100","23",0.170557068612761,0.115242987445183
"1197",6,26,"60-100","24",0.263757018177233,0.116129165746507
"1198",3,17,"60-100","25",0.314429640653822,0.112938946623023
"1199",1,12,"60-100","26",0.133353653712673,0.117384561915044
"1200",0,13,"60-100","27",0.161458825426907,0.117066044564095
"1201",4,18,"60-100","28",0.267875747229323,0.109450530952716
"1202",6,14,"60-100","29",0.304614458428856,0.128255329507387
"1203",8,19,"60-100","30",0.203855337111736,0.114642877984846
"1204",3,6,"60-100","31",0.255584311696869,0.0978370730012599
"1205",3,7,"60-100","32",0.343887428281377,0.100886452914393
"1206",2,4,"60-100","33",0.26584578533113,0.110695417270819
"1207",2,5,"60-100","34",0.305092767346878,0.110102401708805
"1208",7,15,"60-100","35",0.240211287250026,0.106667663665868
"1209",3,4,"60-100","36",0.385585315347311,0.117135417537407
"1210",2,16,"60-100","37",0.296180116135111,0.125405403153856
"1211",3,15,"60-100","38",0.345004520297945,0.111011397295314
"1212",1,3,"60-100","39",0.492830916593695,0.0974913916825169
"1213",8,16,"60-100","40",0.396633903701137,0.121806351403833
"1214",16,36,"60-100","41",0.369010185412234,0.111989174206138
"1215",6,25,"60-100","42",0.210182071094543,0.121023606371665
"1216",6,23,"60-100","43",0.184582204074493,0.129824016971253
"1217",4,12,"60-100","44",0.2186332774703,0.125644918193868
"1218",6,23,"60-100","45",0.225556894579143,0.132531859319294
"1219",1,13,"60-100","46",0.112078749620793,0.114747096594047
"1220",11,37,"60-100","47",0.252334194186485,0.126181169243843
"1221",13,51,"60-100","48",0.234088908537265,0.108589380042402
"1222",10,39,"60-100","49",0.281104702457797,0.113586101397033
"1223",2,28,"60-100","50",0.187165957199501,0.120647889151942
"1224",5,69,"60-100","51",0.0784619214897789,0.115443057585119
"1225",0,0,"60-100","52",0.259303063452268,0.0522716685889109
"1226",10,69,"60-100","53",0.228210366307381,0.119910667170848
"1227",1,10,"60-100","54",0.24501248326485,0.12065187024458
"1228",12,29,"60-100","55",0.393645253343824,0.107463122291062
"1229",7,39,"60-100","56",0.256712487072126,0.12467005539468
"1230",4,21,"60-100","57",0.352890737693312,0.105139951417825
"1231",4,11,"60-100","58",0.432788632124674,0.111889735854864
"1232",6,8,"60-100","59",0.58510002185429,0.111382123110048
"1233",5,14,"60-100","60",0.279321742289152,0.124462443940793
"1234",6,30,"60-100","61",0.170264933694491,0.124496496879965
"1235",3,5,"60-100","62",0.417626047152441,0.106914249946837
"1236",1,6,"60-100","63",0.367239681892788,0.117958515592148
"1237",7,21,"60-100","64",0.326012588970336,0.122536639101629
"1238",12,27,"60-100","65",0.41147120423586,0.121617770448346
"1239",3,13,"60-100","66",0.196457739861782,0.101174338043974
"1240",0,1,"60-100","67",0.216628468135869,0.0974576106683788
"1241",0,0,"60-100","68",0.271824073392411,0.128194962223998
"1242",0,3,"60-100","69",0.24767448884346,0.0763583438833248
"1243",2,8,"60-100","70",0.242849498670467,0.0971721592260116
"1244",4,15,"60-100","71",0.219159936184827,0.120269923694668
"1245",2,6,"60-100","72",0.35335205573478,0.109196799631541
"1246",3,4,"60-100","73",0.412054710893257,0.105653622329121
"1247",1,7,"60-100","74",0.25225916910174,0.11939923027565
"1248",1,7,"60-100","75",0.422997358083617,0.101462574551829
"1249",5,9,"60-100","76",0.431598838458112,0.117053564838613
"1250",7,18,"60-100","77",0.331372960146499,0.113827562651949
"1251",2,8,"60-100","78",0.425638309034005,0.11352158489422
"1252",4,7,"60-100","79",0.442230030788613,0.11595485114966
"1253",6,18,"60-100","80",0.290501708162724,0.128010441153519
"1254",1,17,"60-100","81",0.152141688962543,0.120402978825184
"1255",2,5,"60-100","82",0.405316519664983,0.0928305879560581
"1256",0,3,"60-100","83",0.143364146187151,0.104058071572461
"1257",8,19,"60-100","84",0.349555821609422,0.11811521095774
"1258",6,20,"60-100","85",0.411360216796055,0.135002802312004
"1259",3,10,"60-100","86",0.288252585832329,0.110476752317399
"1260",2,12,"60-100","87",0.189737071786131,0.106809212422557
"1261",2,7,"60-100","88",0.559917752823651,0.106195506882387
"1262",3,11,"60-100","89",0.363305939391532,0.105024627337725
"1263",2,9,"60-100","90",0.391683122811752,0.100599374065693
"1264",3,8,"60-100","91",0.397662241380309,0.106846905205348
"1265",3,13,"60-100","92",0.258122171383945,0.08917958067702
"1266",1,8,"60-100","93",0.290830731001585,0.116707447275847
"1267",1,6,"60-100","94",0.332016474319634,0.10161926616388
"1268",1,6,"60-100","95",0.197393426973123,0.110792103176509
"1269",6,19,"60-100","96",0.319305657131279,0.109050542190011
"1270",6,15,"60-100","97",0.456180573827161,0.108821399920237
"1271",5,21,"60-100","98",0.351345160011072,0.12126340488536
"1272",5,13,"60-100","99",0.307743861613038,0.111311649393961
"1273",5,9,"60-100","100",0.416053138225276,0.118558841469618
"1274",4,6,"60-100","101",0.552772018254396,0.116053371014992
"1275",1,3,"60-100","102",0.431249401645212,0.111645225308005
"1276",9,21,"60-100","103",0.310400449509546,0.131245165826733
"1277",1,14,"60-100","104",0.229654809495373,0.1164107506
"1278",1,6,"60-100","105",0.339488006697114,0.11060350679407
"1279",2,6,"60-100","106",0.366970814626128,0.106248577022755
"1280",3,11,"60-100","107",0.417821288499035,0.103575735233594
"1281",6,10,"60-100","108",0.466799797392182,0.106284158205129
"1282",1,7,"60-100","109",0.29316938377068,0.113762690658389
"1283",8,19,"60-100","110",0.457060913045645,0.112185949341763
"1284",4,16,"60-100","111",0.208848908258225,0.116409515604076
"1285",5,9,"60-100","112",0.427416657496528,0.110417496879751
"1286",4,6,"60-100","113",0.466674982538868,0.101597362103248
"1287",0,4,"60-100","114",0.379207753488303,0.101467546877996
"1288",7,18,"60-100","115",0.310628537275802,0.120508655795156
"1289",4,12,"60-100","116",0.420763950661424,0.110414651029904
"1290",8,16,"60-100","117",0.285823246424988,0.112573358215767
"1291",16,30,"60-100","118",0.454924321176465,0.115541275495643
"1292",9,17,"60-100","119",0.438522850598437,0.116005205572249
"1293",7,16,"60-100","120",0.443501768227578,0.114543011956151
"1294",2,5,"60-100","121",0.414513389695486,0.102647888959373
"1295",3,11,"60-100","122",0.480206736746404,0.12991853656359
"1296",1,9,"60-100","123",0.319810509989871,0.117841375023571
"1297",13,39,"60-100","124",0.316106034080571,0.113552532653482
"1298",1,3,"60-100","125",0.390853441641819,0.122151392494692
"1299",7,16,"60-100","126",0.396396863610226,0.124044015694939
"1300",6,17,"60-100","127",0.343689177135036,0.11743172650043
"1301",3,5,"60-100","128",0.458211417048384,0.106284207614324
"1302",5,15,"60-100","129",0.36320790072521,0.131862306401815
"1303",6,12,"60-100","130",0.515438810771344,0.107204442223789
"1304",4,8,"60-100","131",0.371105264418348,0.118579928814975
"1305",2,3,"60-100","132",0.497075428450434,0.113756920596234
"1306",3,7,"60-100","133",0.443382488812831,0.12635161831118
"1307",2,7,"60-100","134",0.376340743823991,0.116029169210982
"1308",7,19,"60-100","135",0.196613530948665,0.124839009585691
"1309",2,7,"60-100","136",0.394750742412326,0.111483248966965
"1310",2,9,"60-100","137",0.249794040454379,0.107945627537651
"1311",1,3,"60-100","138",0.362597092474932,0.121304487306753
"1312",7,14,"60-100","139",0.368039380961649,0.127483034111549
"1313",7,13,"60-100","140",0.390362409905002,0.109145504616965
"1314",6,14,"60-100","141",0.240789187280844,0.121640536164644
"1315",2,7,"60-100","142",0.263748696474604,0.105379735749653
"1316",0,6,"60-100","143",0.292227421570594,0.11438644397373
"1317",7,13,"60-100","144",0.374366841847234,0.1230462114354
"1318",3,5,"60-100","145",0.306863146676046,0.118952618323778
"1319",1,6,"60-100","146",0.302175970073951,0.107387520508579
"1320",2,4,"60-100","147",0.397140055229593,0.102740699172107
"1321",5,7,"60-100","148",0.366011786092148,0.108749661983273
"1322",1,1,"60-100","149",0.283650690830199,0.0989613342558692
"1323",1,9,"60-100","150",0.134424401274324,0.127440744890649
"1324",2,4,"60-100","151",0.340428850427127,0.0961407307152006
"1325",1,9,"60-100","152",0.264179509084719,0.113691229690859
"1326",4,9,"60-100","153",0.338545790173549,0.088848294363043
"1327",0,5,"60-100","154",0.282525469043741,0.106033517580055
"1328",4,7,"60-100","155",0.528600511095766,0.114040815046689
"1329",1,5,"60-100","156",0.355478483683686,0.114628638242523
"1330",3,11,"60-100","157",0.339349534293031,0.102843498975675
"1331",3,4,"60-100","158",0.631652452868498,0.101941558583883
"1332",2,11,"60-100","159",0.27701290888613,0.112261223446748
"1333",4,11,"60-100","160",0.447672956397735,0.102816363497593
"1334",2,4,"60-100","161",0.469629420470562,0.101951755594226
"1335",1,8,"60-100","162",0.396865199790563,0.105909693155159
"1336",6,12,"60-100","163",0.37300541921975,0.112532379327541
"1337",0,2,"60-100","164",0.460415244153919,0.0976630518908033
"1338",0,0,"60-100","165",0.247145580655642,0.0945173041829606
"1339",3,9,"60-100","166",0.254968065403911,0.109417792346582
"1340",0,3,"60-100","167",0.188270439322171,0.100113550534366
"1341",4,9,"60-100","168",0.352936288916011,0.116032612940937
"1342",3,7,"60-100","169",0.241720775307921,0.10649986398313
"1343",2,14,"60-100","170",0.33549972401835,0.11061079972448
"1344",8,15,"60-100","171",0.452232154461733,0.120845516459435
"1345",2,9,"60-100","172",0.320659372785808,0.100065509747831
"1346",13,21,"60-100","173",0.442957738914469,0.113693487545757
"1347",3,9,"60-100","174",0.302411641856031,0.101677624253018
"1348",4,9,"60-100","175",0.190588013558587,0.122786504199801
"1349",2,12,"60-100","176",0.270434514569371,0.103220605190016
"1350",4,14,"60-100","177",0.187095893062679,0.107320093521206
"1351",7,14,"60-100","178",0.422908523557243,0.120327625606728
"1352",0,3,"60-100","179",0.345225719877515,0.100059041438989
"1353",5,9,"60-100","180",0.462069716006338,0.105769080945672
"1354",5,12,"60-100","181",0.405622752582825,0.106970272865218
"1355",5,8,"60-100","182",0.417235739454727,0.11344247209802
"1356",1,10,"60-100","183",0.203408359211996,0.119389929684776
"1357",7,14,"60-100","184",0.501848815367044,0.113442768005821
"1358",3,5,"60-100","185",0.43415895598374,0.123963839000771
"1359",0,3,"60-100","186",0.294430928412588,0.108811222739621
"1360",1,5,"60-100","187",0.381278641003094,0.115386487012143
"1361",5,22,"60-100","188",0.231001145922789,0.116193873399377
"1362",0,2,"60-100","189",0.3731606151586,0.0967709036811551
"1363",4,7,"60-100","190",0.35417609709516,0.105845336577341
"1364",0,10,"60-100","191",0.166984104141888,0.111399623154791
"1365",3,6,"60-100","192",0.486575483389687,0.110515827049935
"1366",1,5,"60-100","193",0.36469008343342,0.116606561093568
"1367",1,5,"60-100","194",0.357585314404116,0.108398272869311
"1368",2,8,"60-100","195",0.460139100622773,0.112298384903227
"1369",3,5,"60-100","196",0.459884720167642,0.126623315673348
"1370",1,2,"60-100","197",0.29513616670532,0.10912420541431
"1371",7,14,"60-100","198",0.3522113583194,0.128610946081028
"1372",8,17,"60-100","199",0.415288701156895,0.117970353417014
"1373",7,18,"60-100","200",0.334556954575098,0.120635184115985
"1374",2,12,"60-100","201",0.175358349271036,0.112584598871342
"1375",10,21,"60-100","202",0.445850961901644,0.11841976513763
"1376",6,18,"60-100","203",0.370717791470481,0.126111329060004
"1377",4,13,"60-100","204",0.355384418521061,0.122587684309207
"1378",4,17,"60-100","205",0.318444256058241,0.123968011009764
"1379",1,6,"60-100","206",0.250275398292257,0.11320554027829
"1380",4,24,"60-100","207",0.225014398295342,0.124424680239639
"1381",2,12,"60-100","208",0.232247042017367,0.106875151063226
"1382",0,10,"60-100","209",0.241199754101055,0.102905197394264
"1383",0,0,"60-100","210",0.404722001502294,0.116702544272148
"1384",6,7,"60-100","211",0.257937372343688,0.128902969069139
"1385",3,14,"60-100","212",0.338970500837173,0.106410890386144
"1386",3,8,"60-100","213",0.38614365348592,0.0988646262502445
"1387",4,8,"60-100","214",0.546406899629059,0.119384023584695
"1388",3,9,"60-100","215",0.29161219594655,0.121824345666049
"1389",3,5,"60-100","216",0.441694137103552,0.111625641815192
"1390",2,3,"60-100","217",0.394135565411934,0.103629624555929
"1391",6,16,"60-100","218",0.355692335463556,0.127238100306036
"1392",2,5,"60-100","219",0.427575332804519,0.111949372895993
"1393",0,4,"60-100","220",0.2596931832613,0.128249265757272
"1394",5,15,"60-100","221",0.33336705997096,0.106573515598715
"1395",6,13,"60-100","222",0.326079443398467,0.120947873701202
"1396",3,14,"60-100","223",0.260727566308023,0.115338094914466
"1397",0,9,"60-100","224",0.236809343083506,0.101755397633812
"1398",7,18,"60-100","225",0.440828428578679,0.112170250626005
"1399",2,6,"60-100","226",0.366699747497004,0.119907540677693
"1400",8,21,"60-100","227",0.331571886069199,0.125712692432326
"1401",1,7,"60-100","228",0.346052913722316,0.128998314854362
"1402",4,15,"60-100","229",0.367127472697913,0.113411851469617
"1403",7,13,"60-100","230",0.326529484780916,0.120391793207569
"1404",0,3,"60-100","231",0.428545636590822,0.101636028407511
"1405",11,22,"60-100","232",0.467305183089956,0.120418390833386
"1406",6,10,"60-100","233",0.456742640453304,0.116307359259081
"1407",44,97,"60-100","234",0.365555765056139,0.12382791388134
"1408",2,8,"60-100","235",0.511323308358425,0.109570758282444
"1409",3,5,"60-100","236",0.558482730864474,0.103208092345562
"1410",4,7,"60-100","237",0.238527381769747,0.121217337975313
"1411",5,7,"60-100","238",0.339480172762237,0.116864180598386
"1412",10,18,"60-100","239",0.476495432855207,0.13218180104226
"1413",8,17,"60-100","240",0.356660901034892,0.125837175338446
"1414",1,1,"60-100","241",0.35399345503246,0.113127157291258
"1415",11,22,"60-100","242",0.399097728625743,0.119361011168249
"1416",28,63,"60-100","243",0.503551727455477,0.0984869445929001
"1417",3,7,"60-100","244",0.24260544969709,0.131514479791271
"1418",6,19,"60-100","245",0.361523170765944,0.120555085465121
"1419",9,21,"60-100","246",0.361562054210113,0.106626547855243
"1420",2,11,"60-100","247",0.27118219338918,0.11216186879892
"1421",8,13,"60-100","248",0.447160644646946,0.108958670866991
"1422",4,14,"60-100","249",0.335419752949663,0.100643374206744
"1423",4,6,"60-100","250",0.335214104217084,0.0992908639610576
"1424",2,6,"60-100","251",0.352920728450599,0.0972847156473211
"1425",3,16,"60-100","252",0.319030538669674,0.112132010536736
"1426",1,3,"60-100","253",0.353557617083795,0.123914413369849
"1427",5,19,"60-100","254",0.358955308662826,0.117197459344292
"1428",2,6,"60-100","255",0.367931717472205,0.114484403185283
"1429",7,14,"60-100","256",0.412199919421728,0.118666590355186
"1430",2,5,"60-100","257",0.266107007593297,0.119681492365717
"1431",8,20,"60-100","258",0.291308283159603,0.121201674446278
"1432",6,11,"60-100","259",0.399803216012241,0.122905703824061
"1433",6,15,"60-100","260",0.240815193802498,0.121912545725212
"1434",1,3,"60-100","261",0.309874066140434,0.115398744205851
"1435",4,8,"60-100","262",0.282572705044749,0.110342620848813
"1436",5,17,"60-100","263",0.425960033600297,0.114264033456766
"1437",6,24,"60-100","264",0.32627673094449,0.119916707926741
"1438",3,6,"60-100","265",0.304522476969022,0.114455828343193
"1439",5,22,"60-100","266",0.383881904640697,0.125689806370799
"1440",5,16,"60-100","267",0.329904846140972,0.109528977152395
"1441",2,2,"60-100","268",0.490234576251035,0.130658197603799
"1442",1,18,"60-100","269",0.15849079819804,0.122368084577776
"1443",2,9,"60-100","270",0.403087616833284,0.106708784139918
"1444",6,26,"60-100","271",0.235593472162251,0.11294096965223
"1445",8,32,"60-100","272",0.225212584190777,0.124792197609098
"1446",1,5,"60-100","273",0.330412246239828,0.137016027578758
"1447",3,6,"60-100","274",0.244962659866389,0.10815388056699
"1448",2,12,"60-100","275",0.277110485387648,0.129072316639832
"1449",13,47,"60-100","276",0.132670720927383,0.129564853197437
"1450",2,9,"60-100","277",0.183256915745656,0.11941396295473
"1451",3,11,"60-100","278",0.340057638424358,0.111347159466965
"1452",1,4,"60-100","279",0.246343094930337,0.11269214170686
"1453",1,9,"60-100","280",0.255669792617467,0.103574173149057
"1454",10,47,"60-100","281",0.162561676319488,0.120041302963905
"1455",2,13,"60-100","282",0.27001252274954,0.111278858612254
"1456",2,6,"60-100","283",0.317589084300701,0.11690399150026
"1457",4,6,"60-100","284",0.37121099637846,0.107589200715477
"1458",6,23,"60-100","285",0.317370728399001,0.110358179448647
"1459",0,2,"60-100","286",0.329453850579274,0.101158282531586
"1460",1,9,"60-100","287",0.270647627902207,0.124288672252559
"1461",5,21,"60-100","288",0.197627730464115,0.11411468586433
"1462",2,13,"60-100","289",0.248732830486652,0.123756179071051
"1463",5,28,"60-100","290",0.222285405082317,0.117933947355279
"1464",12,37,"60-100","291",0.161484760739372,0.121008079110095
"1465",3,13,"60-100","292",0.24064667177866,0.12753715503099
"1466",1,9,"60-100","293",0.29707182088057,0.126584603475207
"1467",5,7,"60-100","294",0.756145442281442,0.120276959598327
"1468",1,4,"60-100","295",0.363982152084512,0.110416408130764
"1469",8,24,"60-100","296",0.465575733681464,0.120562685658486
"1470",2,8,"60-100","297",0.412226200035961,0.110266112270298
"1471",2,4,"60-100","298",0.50682782436099,0.11016529758698
"1472",8,26,"60-100","299",0.359919908084937,0.114611933684842
"1473",6,12,"60-100","300",0.48936362331089,0.127405611252106
"1474",5,11,"60-100","301",0.440298502201603,0.113689452247197
"1475",4,13,"60-100","302",0.454742444482869,0.112683447695158
"1476",0,2,"60-100","303",0.456098964815578,0.0995649293818332
"1477",6,14,"60-100","304",0.49535723173811,0.133270241065438
"1478",4,7,"60-100","305",0.543401676538178,0.130741164184232
"1479",10,13,"60-100","306",0.535108381134444,0.115702062212481
"1480",4,8,"60-100","307",0.452707548693472,0.104827555444753
"1481",1,10,"60-100","308",0.498923730616981,0.104974413767682
"1482",5,15,"60-100","309",0.298545417050731,0.123503986384121
"1483",6,14,"60-100","310",0.329925247971964,0.114946049723192
"1484",4,10,"60-100","311",0.547589586182047,0.11410893893456
"1485",10,22,"60-100","312",0.535833246374216,0.109263083069077
"1486",5,15,"60-100","313",0.588040617382224,0.123197003210461
"1487",3,11,"60-100","314",0.414172969323382,0.126238377731018
"1488",4,7,"60-100","315",0.550391324462943,0.125156481864507
"1489",7,14,"60-100","316",0.530075814163874,0.117706977599119
"1490",6,10,"60-100","317",0.523962778065396,0.113076964466855
"1491",3,4,"60-100","318",0.544045752116006,0.122236266558586
"1492",4,10,"60-100","319",0.479314319160973,0.115830780069943
"1493",11,23,"60-100","320",0.458692565510427,0.121154572846717
"1494",5,11,"60-100","321",0.507844957466732,0.117548003648514
"1495",1,9,"60-100","322",0.35427260660814,0.116820250779443
"1496",11,14,"60-100","323",0.564499650147107,0.116422036479934
"1497",3,7,"60-100","324",0.4507847919415,0.113495600525346
"1498",6,16,"60-100","325",0.531485796918719,0.102522224465157
"1499",8,14,"60-100","326",0.542614041982241,0.119666997025815
"1500",0,4,"60-100","327",0.357395901058035,0.128195916320559
"1501",2,8,"60-100","328",0.20203677023,0.112406468239349
"1502",3,13,"60-100","329",0.120450668539616,0.125743424031171
"1503",1,5,"60-100","330",0.172414147936134,0.101884805367077
"1504",0,2,"60-100","331",0.194310312457244,0.0933050286492748
"1505",0,2,"60-100","332",0.146425723355379,0.0776742810814461
"1506",4,12,"60-100","333",0.447326943670736,0.117920002100574
"1507",2,4,"60-100","334",0.321030841024258,0.110148045915605
"1508",0,1,"60-100","335",0.213716036020635,0.0916175905801259
"1509",0,1,"60-100","336",0.245061852740789,0.102482713562013
"1510",2,6,"60-100","337",0.305227341858025,0.104456180362749
"1511",3,6,"60-100","338",0.367337673621023,0.0931135075330357
"1512",1,10,"60-100","339",0.106722162825474,0.10241949796445
"1513",0,3,"60-100","340",0.285374307686668,0.0982842956687793
"1514",1,8,"60-100","341",0.283999041216781,0.111431549100456
"1515",4,8,"60-100","342",0.45205010720783,0.10992839453782
"1516",0,1,"60-100","343",0.150783260533743,0.0900430432264222
"1517",0,5,"60-100","344",0.257805146957064,0.101129282646037
"1518",4,20,"60-100","345",0.155917505294244,0.121729056370686
"1519",0,20,"60-100","346",0.080813011796072,0.104522950750036
"1520",0,5,"60-100","347",0.278505973137944,0.104172956309203
"1521",3,6,"60-100","348",0.492764930944143,0.1105350748174
"1522",0,4,"60-100","349",0.182539627905602,0.103157375635227
"1523",0,3,"60-100","350",0.259388842329163,0.109842230439331
"1524",0,0,"60-100","351",0.134248940864702,0.0827093619033974
"1525",3,18,"60-100","352",0.235231646730935,0.108701152153988
"1526",2,10,"60-100","353",0.2995428970591,0.111009856899846
"1527",0,2,"60-100","354",0.202465297792459,0.0694875156437332
"1528",0,7,"60-100","355",0.162313594073388,0.107860484309772
"1529",5,12,"60-100","356",0.356933982774002,0.124970632567695
"1530",3,9,"60-100","357",0.305205548704508,0.119832091444258
"1531",2,5,"60-100","358",0.098198700007286,0.134088223020754
"1532",4,13,"60-100","359",0.238426231425174,0.132276522144428
"1533",1,8,"60-100","360",0.20684353683121,0.100855929713212
"1534",4,40,"60-100","361",0.101391219165928,0.142705855476167
"1535",6,9,"60-100","362",0.332598731931623,0.114892248828816
"1536",1,3,"60-100","363",0.303542840871605,0.116987638444882
"1537",2,9,"60-100","364",0.349061735073956,0.114909232770943
"1538",3,7,"60-100","365",0.244345360459027,0.109904357712807
"1539",1,8,"60-100","366",0.163119031094605,0.12272917355328
"1540",0,3,"60-100","367",0.310585681990933,0.110718104751041
"1541",2,5,"60-100","368",0.462794539516937,0.113500333582071
"1542",3,14,"60-100","369",0.165577571484211,0.117354513568335
"1543",2,4,"60-100","370",0.389047015414462,0.105123740148162
"1544",3,11,"60-100","371",0.190385846548951,0.113180125201558
"1545",0,13,"60-100","372",0.235204912448862,0.115399459329195
"1546",7,10,"60-100","373",0.377103151567266,0.100135292315847
"1547",3,11,"60-100","374",0.298407936001843,0.113221859695057
"1548",1,9,"60-100","375",0.280986907146829,0.112355875857421
"1549",0,3,"60-100","376",0.117530023622849,0.122386786830656
"1550",0,7,"60-100","377",0.125230157930896,0.123733078753413
"1551",1,10,"60-100","378",0.205033321742525,0.112856479296263
"1552",1,11,"60-100","379",0.149700478423823,0.122700893528789
"1553",0,0,"60-100","380",0.279859041504857,0.108551874135774
"1554",2,7,"60-100","381",0.295390181053823,0.119794247028772
"1555",2,10,"60-100","382",0.327660379129636,0.11076566908954
"1556",6,27,"60-100","383",0.119361652856128,0.120265498660589
"1557",6,12,"60-100","384",0.268000590766681,0.117127314210429
"1558",1,3,"60-100","385",0.328019120730998,0.114703461942825
"1559",0,1,"60-100","386",0.364023966223595,0.0961335184885799
"1560",1,2,"60-100","387",0.294669647766512,0.119940411585345
"1561",2,10,"60-100","388",0.369521074408125,0.1022809761514
"1562",3,10,"60-100","389",0.274472698417232,0.117462268073971
"1563",3,16,"60-100","390",0.216973096842892,0.124631939033173
"1564",0,0,"60-100","391",0.354386439659684,0.103050433678484
